Date,Country,City,Specie,count,min (ppb),max (ppb),median (ppb)
2018-04-02,CN,Beijing,o3,442,1.0,73.0,31.0
2018-06-23,CN,Beijing,o3,451,1.0,89.0,63.0
2018-06-28,CN,Beijing,o3,448,1.0,61.0,32.0
2018-01-06,CN,Beijing,o3,426,1.0,28.0,14.0
2018-02-01,CN,Beijing,o3,375,1.0,37.0,17.0
2018-03-04,CN,Beijing,o3,447,1.0,37.0,15.0
2018-03-26,CN,Beijing,o3,472,1.0,70.0,30.0
2018-05-09,CN,Beijing,o3,402,1.0,72.0,34.0
2018-05-25,CN,Beijing,o3,455,1.0,88.0,47.0
2018-06-12,CN,Beijing,o3,432,1.0,80.0,35.0
2018-01-20,CN,Beijing,o3,376,1.0,33.0,8.0
2018-02-06,CN,Beijing,o3,441,1.0,29.0,9.0
2018-04-03,CN,Beijing,o3,476,6.0,45.0,31.0
2018-04-17,CN,Beijing,o3,421,1.0,71.0,39.0
2018-01-10,CN,Beijing,o3,442,6.0,35.0,24.0
2018-02-25,CN,Beijing,o3,460,1.0,47.0,15.0
2018-03-24,CN,Beijing,o3,368,1.0,62.0,35.0
2018-01-01,CN,Beijing,o3,282,1.0,25.0,6.0
2018-03-10,CN,Beijing,o3,438,1.0,57.0,23.0
2018-06-06,CN,Beijing,o3,450,1.0,88.0,57.0
2018-03-13,CN,Beijing,o3,416,1.0,77.0,19.0
2018-03-31,CN,Beijing,o3,403,1.0,65.0,23.0
2018-05-04,CN,Beijing,o3,447,1.0,75.0,28.0
2018-05-23,CN,Beijing,o3,385,1.0,69.0,36.0
2018-04-21,CN,Beijing,o3,462,1.0,64.0,23.0
2018-05-07,CN,Beijing,o3,454,1.0,73.0,32.0
2018-06-02,CN,Beijing,o3,440,1.0,83.0,63.0
2018-02-16,CN,Beijing,o3,473,1.0,48.0,23.0
2018-03-07,CN,Beijing,o3,466,1.0,36.0,14.0
2018-03-18,CN,Beijing,o3,323,1.0,51.0,19.0
2018-04-15,CN,Beijing,o3,474,1.0,55.0,31.0
2018-06-15,CN,Beijing,o3,424,1.0,79.0,47.0
2018-01-12,CN,Beijing,o3,349,1.0,21.0,2.0
2018-02-14,CN,Beijing,o3,452,1.0,41.0,29.0
2018-03-02,CN,Beijing,o3,479,1.0,49.0,14.0
2018-06-01,CN,Beijing,o3,430,1.0,74.0,57.0
2018-05-24,CN,Beijing,o3,410,1.0,77.0,51.0
2018-02-08,CN,Beijing,o3,453,1.0,34.0,8.0
2018-04-05,CN,Beijing,o3,475,1.0,42.0,15.0
2018-04-24,CN,Beijing,o3,415,1.0,57.0,32.0
2018-04-26,CN,Beijing,o3,451,1.0,71.0,32.0
2018-05-29,CN,Beijing,o3,235,1.0,82.0,19.0
2018-01-11,CN,Beijing,o3,440,1.0,65.0,20.0
2018-04-12,CN,Beijing,o3,438,1.0,55.0,25.0
2018-05-05,CN,Beijing,o3,462,1.0,58.0,29.0
2018-05-26,CN,Beijing,o3,448,1.0,74.0,34.0
2018-01-08,CN,Beijing,o3,446,10.0,33.0,24.0
2018-02-26,CN,Beijing,o3,427,1.0,55.0,9.0
2018-04-13,CN,Beijing,o3,477,1.0,35.0,11.0
2018-01-07,CN,Beijing,o3,352,1.0,30.0,10.0
2018-03-21,CN,Beijing,o3,459,1.0,51.0,14.0
2018-05-27,CN,Beijing,o3,440,1.0,67.0,34.0
2018-06-10,CN,Beijing,o3,434,1.0,72.0,43.0
2018-04-27,CN,Beijing,o3,450,1.0,63.0,39.0
2018-06-26,CN,Beijing,o3,454,1.0,81.0,57.0
2018-01-02,CN,Beijing,o3,375,1.0,30.0,12.0
2018-02-23,CN,Beijing,o3,354,1.0,46.0,18.0
2018-03-08,CN,Beijing,o3,460,1.0,41.0,23.0
2018-04-06,CN,Beijing,o3,450,12.0,47.0,36.0
2018-01-22,CN,Beijing,o3,402,1.0,37.0,19.0
2018-02-28,CN,Beijing,o3,478,1.0,47.0,27.0
2018-04-22,CN,Beijing,o3,410,1.0,42.0,28.0
2018-05-03,CN,Beijing,o3,414,1.0,57.0,32.0
2018-03-19,CN,Beijing,o3,388,1.0,51.0,24.0
2018-04-10,CN,Beijing,o3,424,1.0,46.0,31.0
2018-05-10,CN,Beijing,o3,326,1.0,78.0,57.0
2018-05-18,CN,Beijing,o3,444,1.0,68.0,34.0
2018-01-04,CN,Beijing,o3,419,1.0,22.0,12.0
2018-01-05,CN,Beijing,o3,294,1.0,25.0,4.0
2018-01-25,CN,Beijing,o3,429,1.0,34.0,19.0
2018-02-15,CN,Beijing,o3,446,1.0,49.0,29.0
2018-05-02,CN,Beijing,o3,475,1.0,57.0,32.0
2018-05-14,CN,Beijing,o3,450,1.0,92.0,50.0
2018-06-27,CN,Beijing,o3,451,1.0,63.0,30.0
2018-01-14,CN,Beijing,o3,359,1.0,36.0,4.0
2018-01-21,CN,Beijing,o3,446,1.0,24.0,8.0
2018-01-29,CN,Beijing,o3,341,1.0,37.0,27.0
2018-04-09,CN,Beijing,o3,474,1.0,65.0,25.0
2018-04-25,CN,Beijing,o3,438,1.0,65.0,38.0
2018-06-05,CN,Beijing,o3,429,1.0,84.0,52.0
2018-01-23,CN,Beijing,o3,453,3.0,35.0,24.0
2018-03-27,CN,Beijing,o3,418,1.0,67.0,17.0
2018-03-30,CN,Beijing,o3,463,1.0,107.0,23.0
2018-04-18,CN,Beijing,o3,362,1.0,73.0,32.0
2018-02-13,CN,Beijing,o3,321,1.0,47.0,10.0
2018-03-09,CN,Beijing,o3,456,1.0,54.0,9.0
2018-04-29,CN,Beijing,o3,459,1.0,74.0,44.0
2018-03-16,CN,Beijing,o3,458,3.0,51.0,28.0
2018-06-18,CN,Beijing,o3,421,1.0,79.0,38.0
2018-06-19,CN,Beijing,o3,444,1.0,75.0,52.0
2018-02-11,CN,Beijing,o3,452,1.0,39.0,30.0
2018-02-17,CN,Beijing,o3,446,1.0,34.0,14.0
2018-03-06,CN,Beijing,o3,469,1.0,37.0,18.0
2018-03-11,CN,Beijing,o3,473,1.0,39.0,21.0
2018-02-19,CN,Beijing,o3,441,1.0,51.0,18.0
2018-02-21,CN,Beijing,o3,438,1.0,47.0,23.0
2018-03-28,CN,Beijing,o3,454,1.0,54.0,21.0
2018-01-18,CN,Beijing,o3,339,1.0,24.0,2.0
2018-01-19,CN,Beijing,o3,313,1.0,30.0,4.0
2018-01-27,CN,Beijing,o3,348,1.0,25.0,2.0
2018-02-09,CN,Beijing,o3,412,1.0,39.0,28.0
2018-05-21,CN,Beijing,o3,419,1.0,36.0,12.0
2018-05-31,CN,Beijing,o3,450,1.0,80.0,51.0
2018-01-03,CN,Beijing,o3,450,1.0,29.0,17.0
2018-02-24,CN,Beijing,o3,471,6.0,38.0,23.0
2018-03-12,CN,Beijing,o3,443,1.0,58.0,10.0
2018-04-23,CN,Beijing,o3,448,1.0,54.0,27.0
2018-05-16,CN,Beijing,o3,437,1.0,76.0,29.0
2018-05-20,CN,Beijing,o3,427,1.0,83.0,41.0
2018-05-28,CN,Beijing,o3,445,1.0,50.0,29.0
2018-06-17,CN,Beijing,o3,440,1.0,71.0,49.0
2018-04-11,CN,Beijing,o3,467,1.0,57.0,27.0
2018-04-28,CN,Beijing,o3,438,1.0,82.0,42.0
2018-05-13,CN,Beijing,o3,435,1.0,75.0,38.0
2018-05-15,CN,Beijing,o3,450,1.0,71.0,34.0
2018-06-21,CN,Beijing,o3,445,1.0,85.0,55.0
2018-05-12,CN,Beijing,o3,432,1.0,71.0,28.0
2018-06-24,CN,Beijing,o3,455,1.0,83.0,62.0
2018-02-05,CN,Beijing,o3,420,1.0,37.0,25.0
2018-03-22,CN,Beijing,o3,432,1.0,58.0,17.0
2018-04-08,CN,Beijing,o3,467,1.0,55.0,23.0
2018-05-11,CN,Beijing,o3,445,5.0,64.0,36.0
2018-03-20,CN,Beijing,o3,444,1.0,46.0,21.0
2018-03-25,CN,Beijing,o3,422,1.0,72.0,31.0
2018-04-04,CN,Beijing,o3,458,1.0,36.0,11.0
2018-05-17,CN,Beijing,o3,450,1.0,54.0,22.0
2018-01-26,CN,Beijing,o3,403,1.0,73.0,11.0
2018-02-04,CN,Beijing,o3,386,1.0,32.0,17.0
2018-02-20,CN,Beijing,o3,473,1.0,47.0,28.0
2018-03-01,CN,Beijing,o3,468,5.0,45.0,31.0
2018-06-03,CN,Beijing,o3,445,1.0,73.0,46.0
2018-06-04,CN,Beijing,o3,430,1.0,71.0,48.0
2018-06-16,CN,Beijing,o3,445,2.0,77.0,39.0
2018-01-28,CN,Beijing,o3,408,1.0,38.0,27.0
2018-05-08,CN,Beijing,o3,444,1.0,66.0,37.0
2018-05-22,CN,Beijing,o3,447,1.0,55.0,27.0
2018-01-15,CN,Beijing,o3,414,1.0,30.0,9.0
2018-02-10,CN,Beijing,o3,456,1.0,39.0,28.0
2018-06-14,CN,Beijing,o3,415,1.0,76.0,55.0
2018-06-20,CN,Beijing,o3,448,1.0,69.0,46.0
2018-04-01,CN,Beijing,o3,339,1.0,77.0,58.0
2018-04-16,CN,Beijing,o3,425,1.0,68.0,35.0
2018-05-19,CN,Beijing,o3,400,1.0,73.0,44.0
2018-05-30,CN,Beijing,o3,127,32.0,66.0,59.0
2018-01-09,CN,Beijing,o3,449,1.0,37.0,24.0
2018-01-31,CN,Beijing,o3,417,1.0,37.0,24.0
2018-02-12,CN,Beijing,o3,422,3.0,42.0,29.0
2018-02-22,CN,Beijing,o3,457,1.0,44.0,23.0
2018-06-09,CN,Beijing,o3,126,3.0,47.0,32.0
2018-01-24,CN,Beijing,o3,410,1.0,38.0,17.0
2018-03-14,CN,Beijing,o3,449,1.0,60.0,15.0
2018-04-20,CN,Beijing,o3,448,1.0,83.0,55.0
2018-04-30,CN,Beijing,o3,473,1.0,61.0,34.0
2018-06-11,CN,Beijing,o3,416,1.0,71.0,46.0
2018-06-29,CN,Beijing,o3,425,1.0,75.0,31.0
2018-07-01,CN,Beijing,o3,428,1.0,77.0,41.0
2018-02-03,CN,Beijing,o3,392,1.0,34.0,22.0
2018-03-15,CN,Beijing,o3,463,1.0,49.0,30.0
2018-03-17,CN,Beijing,o3,387,1.0,29.0,5.0
2018-04-19,CN,Beijing,o3,406,1.0,78.0,44.0
2018-06-22,CN,Beijing,o3,437,1.0,72.0,42.0
2018-06-25,CN,Beijing,o3,449,1.0,77.0,56.0
2018-02-02,CN,Beijing,o3,402,4.0,36.0,28.0
2018-02-18,CN,Beijing,o3,462,1.0,57.0,14.0
2018-03-29,CN,Beijing,o3,459,1.0,50.0,19.0
2018-05-01,CN,Beijing,o3,473,1.0,47.0,23.0
2018-03-03,CN,Beijing,o3,414,1.0,52.0,6.0
2018-01-13,CN,Beijing,o3,331,1.0,15.0,2.0
2018-01-16,CN,Beijing,o3,393,1.0,34.0,17.0
2018-01-17,CN,Beijing,o3,343,1.0,39.0,9.0
2018-02-07,CN,Beijing,o3,399,1.0,81.0,30.0
2018-04-07,CN,Beijing,o3,420,1.0,50.0,36.0
2018-04-14,CN,Beijing,o3,448,1.0,49.0,36.0
2018-05-06,CN,Beijing,o3,411,1.0,65.0,42.0
2018-06-07,CN,Beijing,o3,430,3.0,68.0,45.0
2018-01-30,CN,Beijing,o3,432,1.0,38.0,23.0
2018-02-27,CN,Beijing,o3,377,1.0,43.0,21.0
2018-03-05,CN,Beijing,o3,431,1.0,37.0,16.0
2018-03-23,CN,Beijing,o3,409,1.0,48.0,8.0
2018-06-13,CN,Beijing,o3,419,1.0,60.0,34.0
2018-06-08,CN,Beijing,o3,446,1.0,65.0,36.0
2018-06-30,CN,Beijing,o3,430,1.0,87.0,48.0
2018-05-20,CN,Shanghai,o3,238,28.0,47.0,38.0
2018-06-24,CN,Shanghai,o3,234,23.0,57.0,46.0
2018-01-24,CN,Shanghai,o3,214,21.0,37.0,32.0
2018-03-03,CN,Shanghai,o3,206,11.0,45.0,30.0
2018-05-22,CN,Shanghai,o3,236,11.0,48.0,30.0
2018-02-27,CN,Shanghai,o3,216,19.0,61.0,45.0
2018-03-24,CN,Shanghai,o3,214,3.0,66.0,34.0
2018-03-26,CN,Shanghai,o3,216,4.0,64.0,36.0
2018-04-11,CN,Shanghai,o3,192,2.0,65.0,43.0
2018-04-20,CN,Shanghai,o3,212,19.0,63.0,39.0
2018-01-06,CN,Shanghai,o3,213,1.0,32.0,14.0
2018-01-25,CN,Shanghai,o3,215,12.0,31.0,25.0
2018-02-10,CN,Shanghai,o3,203,0.0,38.0,27.0
2018-04-22,CN,Shanghai,o3,198,9.0,67.0,25.0
2018-05-09,CN,Shanghai,o3,192,29.0,61.0,50.0
2018-06-25,CN,Shanghai,o3,238,14.0,80.0,33.0
2018-03-05,CN,Shanghai,o3,216,19.0,48.0,37.0
2018-04-16,CN,Shanghai,o3,200,10.0,47.0,32.0
2018-02-26,CN,Shanghai,o3,206,3.0,56.0,32.0
2018-04-01,CN,Shanghai,o3,198,18.0,69.0,36.0
2018-04-14,CN,Shanghai,o3,216,1.0,39.0,21.0
2018-05-02,CN,Shanghai,o3,206,2.0,66.0,47.0
2018-05-16,CN,Shanghai,o3,235,9.0,83.0,45.0
2018-02-05,CN,Shanghai,o3,211,1.0,38.0,18.0
2018-02-12,CN,Shanghai,o3,189,8.0,42.0,29.0
2018-02-17,CN,Shanghai,o3,215,2.0,56.0,38.0
2018-06-04,CN,Shanghai,o3,240,22.0,71.0,45.0
2018-06-08,CN,Shanghai,o3,238,19.0,58.0,39.0
2018-06-28,CN,Shanghai,o3,235,7.0,61.0,28.0
2018-01-17,CN,Shanghai,o3,177,1.0,50.0,8.0
2018-01-26,CN,Shanghai,o3,194,19.0,34.0,29.0
2018-04-15,CN,Shanghai,o3,216,2.0,66.0,42.0
2018-05-31,CN,Shanghai,o3,238,1.0,64.0,42.0
2018-01-07,CN,Shanghai,o3,197,1.0,25.0,15.0
2018-02-13,CN,Shanghai,o3,112,0.0,57.0,37.0
2018-03-31,CN,Shanghai,o3,216,17.0,62.0,36.0
2018-02-07,CN,Shanghai,o3,207,1.0,43.0,16.0
2018-03-17,CN,Shanghai,o3,199,25.0,49.0,37.0
2018-02-06,CN,Shanghai,o3,211,0.0,35.0,22.0
2018-04-10,CN,Shanghai,o3,187,17.0,71.0,44.0
2018-01-09,CN,Shanghai,o3,197,4.0,38.0,25.0
2018-01-21,CN,Shanghai,o3,216,1.0,45.0,28.0
2018-02-02,CN,Shanghai,o3,204,0.0,50.0,19.0
2018-03-27,CN,Shanghai,o3,209,1.0,66.0,32.0
2018-04-23,CN,Shanghai,o3,216,3.0,44.0,15.0
2018-04-25,CN,Shanghai,o3,214,2.0,65.0,41.0
2018-05-18,CN,Shanghai,o3,239,1.0,77.0,41.0
2018-05-19,CN,Shanghai,o3,228,24.0,51.0,35.0
2018-01-08,CN,Shanghai,o3,216,2.0,39.0,11.0
2018-03-08,CN,Shanghai,o3,214,23.0,51.0,37.0
2018-03-10,CN,Shanghai,o3,216,6.0,71.0,32.0
2018-06-16,CN,Shanghai,o3,238,31.0,55.0,42.0
2018-06-18,CN,Shanghai,o3,239,20.0,63.0,34.0
2018-06-26,CN,Shanghai,o3,235,10.0,77.0,43.0
2018-05-11,CN,Shanghai,o3,213,25.0,65.0,46.0
2018-05-28,CN,Shanghai,o3,235,2.0,86.0,43.0
2018-06-22,CN,Shanghai,o3,239,23.0,56.0,35.0
2018-01-19,CN,Shanghai,o3,212,1.0,33.0,17.0
2018-02-24,CN,Shanghai,o3,216,17.0,50.0,39.0
2018-03-11,CN,Shanghai,o3,216,3.0,62.0,39.0
2018-04-18,CN,Shanghai,o3,176,11.0,73.0,37.0
2018-01-04,CN,Shanghai,o3,215,17.0,32.0,24.0
2018-01-18,CN,Shanghai,o3,214,2.0,39.0,21.0
2018-04-12,CN,Shanghai,o3,214,21.0,51.0,37.0
2018-03-25,CN,Shanghai,o3,207,10.0,67.0,43.0
2018-04-27,CN,Shanghai,o3,211,0.0,81.0,56.0
2018-05-04,CN,Shanghai,o3,210,24.0,83.0,57.0
2018-07-01,CN,Shanghai,o3,240,4.0,45.0,14.0
2018-01-15,CN,Shanghai,o3,201,0.0,45.0,6.0
2018-01-20,CN,Shanghai,o3,215,1.0,36.0,19.0
2018-03-14,CN,Shanghai,o3,215,12.0,51.0,29.0
2018-04-04,CN,Shanghai,o3,215,1.0,58.0,28.0
2018-04-13,CN,Shanghai,o3,215,9.0,66.0,39.0
2018-05-05,CN,Shanghai,o3,216,28.0,60.0,44.0
2018-06-01,CN,Shanghai,o3,231,7.0,66.0,55.0
2018-01-02,CN,Shanghai,o3,214,5.0,37.0,25.0
2018-02-03,CN,Shanghai,o3,215,14.0,36.0,28.0
2018-02-04,CN,Shanghai,o3,216,7.0,38.0,28.0
2018-04-29,CN,Shanghai,o3,216,30.0,83.0,58.0
2018-04-30,CN,Shanghai,o3,213,2.0,80.0,44.0
2018-05-13,CN,Shanghai,o3,216,3.0,77.0,37.0
2018-06-05,CN,Shanghai,o3,238,4.0,78.0,49.0
2018-06-12,CN,Shanghai,o3,234,14.0,92.0,65.0
2018-03-09,CN,Shanghai,o3,214,2.0,46.0,30.0
2018-03-12,CN,Shanghai,o3,211,14.0,59.0,35.0
2018-04-28,CN,Shanghai,o3,214,9.0,80.0,59.0
2018-04-26,CN,Shanghai,o3,214,5.0,59.0,32.0
2018-06-06,CN,Shanghai,o3,234,20.0,81.0,57.0
2018-06-10,CN,Shanghai,o3,237,8.0,64.0,39.0
2018-06-15,CN,Shanghai,o3,239,25.0,65.0,47.0
2018-06-23,CN,Shanghai,o3,233,29.0,61.0,50.0
2018-01-10,CN,Shanghai,o3,215,1.0,32.0,21.0
2018-01-30,CN,Shanghai,o3,149,2.0,52.0,23.0
2018-04-24,CN,Shanghai,o3,213,23.0,57.0,37.0
2018-06-29,CN,Shanghai,o3,238,3.0,66.0,30.0
2018-03-30,CN,Shanghai,o3,215,1.0,33.0,12.0
2018-03-18,CN,Shanghai,o3,211,0.0,44.0,31.0
2018-04-02,CN,Shanghai,o3,216,4.0,45.0,24.0
2018-05-08,CN,Shanghai,o3,195,23.0,61.0,45.0
2018-05-10,CN,Shanghai,o3,157,35.0,64.0,56.0
2018-06-17,CN,Shanghai,o3,240,27.0,57.0,42.0
2018-02-08,CN,Shanghai,o3,206,0.0,41.0,17.0
2018-02-23,CN,Shanghai,o3,214,1.0,60.0,34.0
2018-03-15,CN,Shanghai,o3,208,2.0,32.0,11.0
2018-02-18,CN,Shanghai,o3,216,24.0,46.0,33.0
2018-06-20,CN,Shanghai,o3,237,14.0,51.0,36.0
2018-03-04,CN,Shanghai,o3,214,3.0,60.0,37.0
2018-03-06,CN,Shanghai,o3,213,31.0,54.0,43.0
2018-03-13,CN,Shanghai,o3,214,4.0,60.0,29.0
2018-05-23,CN,Shanghai,o3,239,22.0,65.0,46.0
2018-06-09,CN,Shanghai,o3,239,20.0,57.0,39.0
2018-01-11,CN,Shanghai,o3,213,1.0,35.0,15.0
2018-01-27,CN,Shanghai,o3,198,8.0,31.0,20.0
2018-02-19,CN,Shanghai,o3,215,20.0,51.0,34.0
2018-05-27,CN,Shanghai,o3,239,8.0,55.0,31.0
2018-06-14,CN,Shanghai,o3,239,27.0,68.0,55.0
2018-01-14,CN,Shanghai,o3,214,1.0,36.0,10.0
2018-01-16,CN,Shanghai,o3,202,1.0,25.0,6.0
2018-04-09,CN,Shanghai,o3,215,1.0,67.0,36.0
2018-02-20,CN,Shanghai,o3,212,24.0,49.0,37.0
2018-03-29,CN,Shanghai,o3,214,2.0,61.0,21.0
2018-01-05,CN,Shanghai,o3,214,1.0,31.0,21.0
2018-01-31,CN,Shanghai,o3,205,0.0,39.0,11.0
2018-02-11,CN,Shanghai,o3,216,2.0,47.0,27.0
2018-06-13,CN,Shanghai,o3,234,38.0,81.0,63.0
2018-04-17,CN,Shanghai,o3,191,3.0,56.0,43.0
2018-05-06,CN,Shanghai,o3,216,2.0,61.0,35.0
2018-05-12,CN,Shanghai,o3,216,3.0,78.0,27.0
2018-03-21,CN,Shanghai,o3,215,4.0,32.0,19.0
2018-03-22,CN,Shanghai,o3,190,0.0,56.0,24.0
2018-05-15,CN,Shanghai,o3,222,21.0,84.0,42.0
2018-05-17,CN,Shanghai,o3,238,9.0,76.0,48.0
2018-01-22,CN,Shanghai,o3,215,1.0,39.0,22.0
2018-02-01,CN,Shanghai,o3,194,0.0,45.0,15.0
2018-02-28,CN,Shanghai,o3,215,3.0,51.0,28.0
2018-06-03,CN,Shanghai,o3,240,30.0,68.0,55.0
2018-01-12,CN,Shanghai,o3,210,1.0,28.0,16.0
2018-02-16,CN,Shanghai,o3,215,12.0,42.0,31.0
2018-03-20,CN,Shanghai,o3,161,5.0,42.0,17.0
2018-03-28,CN,Shanghai,o3,213,9.0,74.0,34.0
2018-05-01,CN,Shanghai,o3,212,2.0,72.0,28.0
2018-05-03,CN,Shanghai,o3,186,15.0,71.0,49.0
2018-05-14,CN,Shanghai,o3,211,21.0,75.0,49.0
2018-06-21,CN,Shanghai,o3,232,11.0,62.0,37.0
2018-02-21,CN,Shanghai,o3,215,25.0,48.0,37.0
2018-03-07,CN,Shanghai,o3,215,19.0,45.0,30.0
2018-03-23,CN,Shanghai,o3,216,2.0,63.0,34.0
2018-06-30,CN,Shanghai,o3,240,9.0,36.0,22.0
2018-04-07,CN,Shanghai,o3,207,15.0,56.0,38.0
2018-04-08,CN,Shanghai,o3,207,1.0,62.0,39.0
2018-05-07,CN,Shanghai,o3,201,9.0,46.0,34.0
2018-01-03,CN,Shanghai,o3,216,17.0,42.0,30.0
2018-01-23,CN,Shanghai,o3,214,4.0,33.0,24.0
2018-06-19,CN,Shanghai,o3,237,10.0,57.0,24.0
2018-03-02,CN,Shanghai,o3,215,25.0,45.0,35.0
2018-03-16,CN,Shanghai,o3,208,25.0,60.0,37.0
2018-03-19,CN,Shanghai,o3,212,2.0,39.0,30.0
2018-04-05,CN,Shanghai,o3,214,12.0,43.0,29.0
2018-04-19,CN,Shanghai,o3,206,14.0,76.0,41.0
2018-02-09,CN,Shanghai,o3,214,0.0,42.0,25.0
2018-02-22,CN,Shanghai,o3,216,2.0,48.0,32.0
2018-03-01,CN,Shanghai,o3,213,1.0,55.0,32.0
2018-06-02,CN,Shanghai,o3,227,28.0,68.0,55.0
2018-02-14,CN,Shanghai,o3,213,1.0,60.0,37.0
2018-04-03,CN,Shanghai,o3,215,12.0,58.0,28.0
2018-05-25,CN,Shanghai,o3,239,9.0,52.0,38.0
2018-05-26,CN,Shanghai,o3,240,7.0,55.0,34.0
2018-05-29,CN,Shanghai,o3,234,4.0,71.0,32.0
2018-01-01,CN,Shanghai,o3,144,2.0,44.0,27.0
2018-01-28,CN,Shanghai,o3,201,12.0,31.0,23.0
2018-01-29,CN,Shanghai,o3,171,14.0,41.0,29.0
2018-05-30,CN,Shanghai,o3,237,2.0,45.0,21.0
2018-06-11,CN,Shanghai,o3,237,1.0,83.0,55.0
2018-04-06,CN,Shanghai,o3,196,10.0,51.0,33.0
2018-04-21,CN,Shanghai,o3,212,20.0,57.0,36.0
2018-05-21,CN,Shanghai,o3,239,21.0,45.0,34.0
2018-05-24,CN,Shanghai,o3,235,18.0,61.0,45.0
2018-06-07,CN,Shanghai,o3,240,33.0,68.0,50.0
2018-01-13,CN,Shanghai,o3,194,1.0,24.0,6.0
2018-02-15,CN,Shanghai,o3,213,0.0,44.0,36.0
2018-02-25,CN,Shanghai,o3,216,22.0,51.0,38.0
2018-06-27,CN,Shanghai,o3,232,6.0,68.0,48.0
2018-01-17,CN,Wuhan,o3,396,1.0,43.0,17.0
2018-02-18,CN,Wuhan,o3,384,14.0,39.0,27.0
2018-04-07,CN,Wuhan,o3,408,2.0,64.0,36.0
2018-06-29,CN,Wuhan,o3,401,0.0,81.0,22.0
2018-03-10,CN,Wuhan,o3,349,1.0,60.0,19.0
2018-04-05,CN,Wuhan,o3,403,2.0,44.0,19.0
2018-04-06,CN,Wuhan,o3,366,5.0,60.0,24.0
2018-06-19,CN,Wuhan,o3,238,4.0,47.0,25.0
2018-01-25,CN,Wuhan,o3,395,3.0,113.0,19.0
2018-03-12,CN,Wuhan,o3,347,0.0,78.0,14.0
2018-03-14,CN,Wuhan,o3,407,0.0,51.0,17.0
2018-03-18,CN,Wuhan,o3,408,1.0,33.0,17.0
2018-04-10,CN,Wuhan,o3,349,0.0,74.0,45.0
2018-04-12,CN,Wuhan,o3,321,0.0,48.0,17.0
2018-06-04,CN,Wuhan,o3,404,1.0,71.0,42.0
2018-01-24,CN,Wuhan,o3,372,0.0,28.0,3.0
2018-03-31,CN,Wuhan,o3,402,1.0,76.0,30.0
2018-04-16,CN,Wuhan,o3,398,0.0,65.0,19.0
2018-05-02,CN,Wuhan,o3,407,2.0,66.0,46.0
2018-05-15,CN,Wuhan,o3,401,0.0,60.0,28.0
2018-05-19,CN,Wuhan,o3,366,4.0,73.0,37.0
2018-06-10,CN,Wuhan,o3,396,6.0,79.0,47.0
2018-06-12,CN,Wuhan,o3,403,0.0,80.0,35.0
2018-02-04,CN,Wuhan,o3,407,1.0,42.0,19.0
2018-03-08,CN,Wuhan,o3,382,1.0,62.0,20.0
2018-06-06,CN,Wuhan,o3,400,0.0,89.0,38.0
2018-03-03,CN,Wuhan,o3,379,0.0,43.0,8.0
2018-03-13,CN,Wuhan,o3,381,0.0,58.0,12.0
2018-01-18,CN,Wuhan,o3,394,1.0,68.0,9.0
2018-02-02,CN,Wuhan,o3,395,0.0,73.0,20.0
2018-02-22,CN,Wuhan,o3,384,6.0,56.0,23.0
2018-02-26,CN,Wuhan,o3,368,0.0,58.0,14.0
2018-03-06,CN,Wuhan,o3,384,2.0,44.0,20.0
2018-02-06,CN,Wuhan,o3,367,0.0,68.0,8.0
2018-02-13,CN,Wuhan,o3,256,0.0,62.0,30.0
2018-03-24,CN,Wuhan,o3,376,0.0,55.0,17.0
2018-05-08,CN,Wuhan,o3,408,1.0,60.0,35.0
2018-05-18,CN,Wuhan,o3,394,1.0,59.0,27.0
2018-06-24,CN,Wuhan,o3,404,1.0,76.0,25.0
2018-06-30,CN,Wuhan,o3,407,0.0,49.0,17.0
2018-01-20,CN,Wuhan,o3,274,0.0,30.0,2.0
2018-02-07,CN,Wuhan,o3,367,0.0,44.0,5.0
2018-02-20,CN,Wuhan,o3,384,2.0,28.0,16.0
2018-02-21,CN,Wuhan,o3,383,9.0,38.0,21.0
2018-03-27,CN,Wuhan,o3,394,0.0,68.0,18.0
2018-04-08,CN,Wuhan,o3,370,0.0,433.0,23.0
2018-05-14,CN,Wuhan,o3,395,0.0,67.0,28.0
2018-05-20,CN,Wuhan,o3,404,2.0,55.0,19.0
2018-06-16,CN,Wuhan,o3,408,6.0,104.0,66.0
2018-06-23,CN,Wuhan,o3,407,1.0,83.0,31.0
2018-03-07,CN,Wuhan,o3,383,3.0,35.0,21.0
2018-03-28,CN,Wuhan,o3,382,0.0,74.0,21.0
2018-03-30,CN,Wuhan,o3,405,1.0,75.0,36.0
2018-05-03,CN,Wuhan,o3,340,1.0,71.0,34.0
2018-05-24,CN,Wuhan,o3,406,1.0,71.0,30.0
2018-06-08,CN,Wuhan,o3,405,1.0,54.0,18.0
2018-03-25,CN,Wuhan,o3,350,0.0,60.0,18.0
2018-04-26,CN,Wuhan,o3,405,4.0,72.0,41.0
2018-06-02,CN,Wuhan,o3,408,2.0,73.0,48.0
2018-06-28,CN,Wuhan,o3,385,1.0,54.0,24.0
2018-02-28,CN,Wuhan,o3,384,1.0,55.0,23.0
2018-05-13,CN,Wuhan,o3,406,1.0,79.0,28.0
2018-06-20,CN,Wuhan,o3,391,1.0,55.0,29.0
2018-02-08,CN,Wuhan,o3,385,0.0,59.0,19.0
2018-03-23,CN,Wuhan,o3,368,0.0,61.0,14.0
2018-04-20,CN,Wuhan,o3,405,3.0,122.0,44.0
2018-05-01,CN,Wuhan,o3,406,1.0,67.0,30.0
2018-05-17,CN,Wuhan,o3,408,1.0,68.0,34.0
2018-05-23,CN,Wuhan,o3,408,4.0,73.0,29.0
2018-06-13,CN,Wuhan,o3,408,8.0,75.0,45.0
2018-06-22,CN,Wuhan,o3,408,3.0,57.0,30.0
2018-01-23,CN,Wuhan,o3,401,0.0,33.0,6.0
2018-01-28,CN,Wuhan,o3,406,15.0,48.0,29.0
2018-02-11,CN,Wuhan,o3,381,1.0,61.0,17.0
2018-03-01,CN,Wuhan,o3,367,0.0,38.0,18.0
2018-03-02,CN,Wuhan,o3,383,0.0,42.0,17.0
2018-05-04,CN,Wuhan,o3,400,0.0,64.0,35.0
2018-05-30,CN,Wuhan,o3,407,1.0,57.0,23.0
2018-06-17,CN,Wuhan,o3,187,12.0,72.0,58.0
2018-07-01,CN,Wuhan,o3,406,0.0,70.0,31.0
2018-02-01,CN,Wuhan,o3,364,0.0,47.0,5.0
2018-02-12,CN,Wuhan,o3,323,1.0,57.0,30.0
2018-02-10,CN,Wuhan,o3,381,1.0,54.0,27.0
2018-02-24,CN,Wuhan,o3,383,2.0,50.0,20.0
2018-04-23,CN,Wuhan,o3,402,4.0,70.0,19.0
2018-05-12,CN,Wuhan,o3,405,1.0,65.0,27.0
2018-05-28,CN,Wuhan,o3,340,0.0,62.0,16.0
2018-05-29,CN,Wuhan,o3,361,0.0,72.0,23.0
2018-03-16,CN,Wuhan,o3,396,1.0,47.0,21.0
2018-03-19,CN,Wuhan,o3,407,6.0,31.0,16.0
2018-05-07,CN,Wuhan,o3,407,17.0,61.0,41.0
2018-01-16,CN,Wuhan,o3,301,0.0,25.0,5.0
2018-02-05,CN,Wuhan,o3,361,1.0,50.0,8.0
2018-02-27,CN,Wuhan,o3,379,0.0,39.0,8.0
2018-03-26,CN,Wuhan,o3,383,0.0,64.0,17.0
2018-04-02,CN,Wuhan,o3,381,0.0,77.0,19.0
2018-05-11,CN,Wuhan,o3,405,2.0,65.0,15.0
2018-01-29,CN,Wuhan,o3,301,1.0,51.0,34.0
2018-02-14,CN,Wuhan,o3,382,0.0,51.0,12.0
2018-02-15,CN,Wuhan,o3,366,1.0,38.0,19.0
2018-03-22,CN,Wuhan,o3,379,0.0,58.0,9.0
2018-04-29,CN,Wuhan,o3,396,0.0,58.0,19.0
2018-05-16,CN,Wuhan,o3,408,2.0,64.0,34.0
2018-01-26,CN,Wuhan,o3,372,2.0,37.0,21.0
2018-02-25,CN,Wuhan,o3,384,1.0,50.0,20.0
2018-03-04,CN,Wuhan,o3,381,0.0,34.0,6.0
2018-04-13,CN,Wuhan,o3,392,1.0,49.0,16.0
2018-05-10,CN,Wuhan,o3,296,4.0,71.0,50.0
2018-05-31,CN,Wuhan,o3,406,1.0,60.0,37.0
2018-06-05,CN,Wuhan,o3,408,1.0,65.0,32.0
2018-01-27,CN,Wuhan,o3,377,4.0,44.0,28.0
2018-01-30,CN,Wuhan,o3,377,0.0,58.0,17.0
2018-03-09,CN,Wuhan,o3,371,1.0,59.0,17.0
2018-04-14,CN,Wuhan,o3,407,3.0,55.0,30.0
2018-04-24,CN,Wuhan,o3,357,10.0,58.0,29.0
2018-01-22,CN,Wuhan,o3,381,0.0,36.0,7.0
2018-03-17,CN,Wuhan,o3,398,1.0,44.0,15.0
2018-04-17,CN,Wuhan,o3,371,0.0,73.0,37.0
2018-04-22,CN,Wuhan,o3,390,0.0,37.0,10.0
2018-06-03,CN,Wuhan,o3,406,1.0,79.0,45.0
2018-01-31,CN,Wuhan,o3,406,1.0,55.0,28.0
2018-03-15,CN,Wuhan,o3,389,0.0,58.0,14.0
2018-04-09,CN,Wuhan,o3,397,0.0,69.0,23.0
2018-04-11,CN,Wuhan,o3,393,0.0,112.0,21.0
2018-04-27,CN,Wuhan,o3,219,0.0,79.0,56.0
2018-04-28,CN,Wuhan,o3,395,0.0,77.0,35.0
2018-06-07,CN,Wuhan,o3,408,1.0,76.0,37.0
2018-01-21,CN,Wuhan,o3,282,0.0,19.0,2.0
2018-02-09,CN,Wuhan,o3,400,1.0,49.0,10.0
2018-03-11,CN,Wuhan,o3,382,1.0,58.0,18.0
2018-03-21,CN,Wuhan,o3,407,1.0,58.0,22.0
2018-05-09,CN,Wuhan,o3,350,0.0,79.0,45.0
2018-06-21,CN,Wuhan,o3,395,0.0,81.0,39.0
2018-01-19,CN,Wuhan,o3,389,1.0,22.0,5.0
2018-04-03,CN,Wuhan,o3,405,0.0,73.0,19.0
2018-05-21,CN,Wuhan,o3,398,1.0,34.0,9.0
2018-05-22,CN,Wuhan,o3,404,1.0,50.0,20.0
2018-02-17,CN,Wuhan,o3,384,5.0,51.0,23.0
2018-04-19,CN,Wuhan,o3,408,1.0,78.0,42.0
2018-05-25,CN,Wuhan,o3,407,1.0,64.0,28.0
2018-06-09,CN,Wuhan,o3,398,0.0,66.0,38.0
2018-04-21,CN,Wuhan,o3,405,1.0,54.0,28.0
2018-05-27,CN,Wuhan,o3,406,2.0,65.0,32.0
2018-06-11,CN,Wuhan,o3,400,1.0,79.0,43.0
2018-03-05,CN,Wuhan,o3,381,4.0,49.0,23.0
2018-04-04,CN,Wuhan,o3,407,1.0,66.0,20.0
2018-05-05,CN,Wuhan,o3,405,1.0,48.0,27.0
2018-05-26,CN,Wuhan,o3,406,11.0,60.0,29.0
2018-06-14,CN,Wuhan,o3,407,1.0,86.0,39.0
2018-06-15,CN,Wuhan,o3,404,2.0,88.0,47.0
2018-02-19,CN,Wuhan,o3,383,2.0,30.0,17.0
2018-02-23,CN,Wuhan,o3,384,1.0,78.0,24.0
2018-06-25,CN,Wuhan,o3,401,0.0,61.0,29.0
2018-02-03,CN,Wuhan,o3,403,4.0,42.0,23.0
2018-02-16,CN,Wuhan,o3,383,3.0,49.0,16.0
2018-04-18,CN,Wuhan,o3,340,2.0,75.0,39.0
2018-04-25,CN,Wuhan,o3,399,9.0,65.0,39.0
2018-03-20,CN,Wuhan,o3,390,4.0,58.0,29.0
2018-06-01,CN,Wuhan,o3,395,1.0,72.0,33.0
2018-06-27,CN,Wuhan,o3,381,3.0,133.0,34.0
2018-03-29,CN,Wuhan,o3,398,0.0,62.0,15.0
2018-04-01,CN,Wuhan,o3,299,0.0,74.0,25.0
2018-04-15,CN,Wuhan,o3,408,0.0,61.0,21.0
2018-04-30,CN,Wuhan,o3,389,0.0,72.0,14.0
2018-05-06,CN,Wuhan,o3,407,2.0,49.0,23.0
2018-06-26,CN,Wuhan,o3,395,1.0,56.0,29.0
2018-04-04,US,Houston,o3,118,6.0,41.0,27.0
2018-04-13,US,Houston,o3,112,10.0,35.0,19.0
2018-04-25,US,Houston,o3,117,1.0,66.0,41.0
2018-06-03,US,Houston,o3,115,1.0,56.0,19.0
2018-03-04,US,Houston,o3,119,23.0,44.0,34.0
2018-04-02,US,Houston,o3,119,6.0,36.0,19.0
2018-05-21,US,Houston,o3,110,1.0,45.0,11.0
2018-06-01,US,Houston,o3,114,2.0,58.0,16.0
2018-06-28,US,Houston,o3,105,1.0,51.0,10.0
2018-03-07,US,Houston,o3,119,1.0,45.0,32.0
2018-03-24,US,Houston,o3,112,24.0,39.0,32.0
2018-03-13,US,Houston,o3,106,1.0,49.0,27.0
2018-02-07,US,Houston,o3,113,1.0,14.0,5.0
2018-02-21,US,Houston,o3,112,1.0,20.0,10.0
2018-05-27,US,Houston,o3,116,1.0,62.0,22.0
2018-06-17,US,Houston,o3,119,2.0,22.0,16.0
2018-01-09,US,Houston,o3,119,1.0,22.0,10.0
2018-01-15,US,Houston,o3,111,1.0,41.0,23.0
2018-05-26,US,Houston,o3,115,1.0,58.0,25.0
2018-06-10,US,Houston,o3,117,3.0,24.0,14.0
2018-01-11,US,Houston,o3,114,1.0,32.0,12.0
2018-03-28,US,Houston,o3,120,2.0,32.0,23.0
2018-02-04,US,Houston,o3,119,1.0,28.0,17.0
2018-04-12,US,Houston,o3,117,14.0,56.0,36.0
2018-05-09,US,Houston,o3,118,2.0,61.0,41.0
2018-06-25,US,Houston,o3,118,5.0,33.0,15.0
2018-02-01,US,Houston,o3,114,1.0,36.0,22.0
2018-02-03,US,Houston,o3,114,1.0,25.0,16.0
2018-04-03,US,Houston,o3,120,10.0,34.0,21.0
2018-04-10,US,Houston,o3,115,1.0,49.0,23.0
2018-05-07,US,Houston,o3,119,1.0,71.0,41.0
2018-06-11,US,Houston,o3,115,6.0,32.0,17.0
2018-01-08,US,Houston,o3,118,2.0,34.0,19.0
2018-03-03,US,Houston,o3,113,1.0,54.0,33.0
2018-03-10,US,Houston,o3,114,5.0,55.0,27.0
2018-05-02,US,Houston,o3,119,19.0,51.0,28.0
2018-01-14,US,Houston,o3,115,1.0,37.0,16.0
2018-02-11,US,Houston,o3,111,1.0,23.0,15.0
2018-02-10,US,Houston,o3,107,1.0,20.0,9.0
2018-02-19,US,Houston,o3,118,12.0,32.0,21.0
2018-02-20,US,Houston,o3,119,9.0,25.0,19.0
2018-04-20,US,Houston,o3,120,16.0,46.0,35.0
2018-06-04,US,Houston,o3,118,1.0,56.0,18.0
2018-01-26,US,Houston,o3,118,5.0,38.0,22.0
2018-02-02,US,Houston,o3,120,15.0,32.0,24.0
2018-06-18,US,Houston,o3,116,2.0,30.0,15.0
2018-03-19,US,Houston,o3,105,3.0,49.0,30.0
2018-06-07,US,Houston,o3,114,1.0,59.0,18.0
2018-03-20,US,Houston,o3,120,4.0,48.0,31.0
2018-04-14,US,Houston,o3,107,14.0,45.0,32.0
2018-06-05,US,Houston,o3,119,1.0,55.0,11.0
2018-01-05,US,Houston,o3,110,1.0,38.0,17.0
2018-02-06,US,Houston,o3,115,1.0,23.0,10.0
2018-06-09,US,Houston,o3,111,2.0,45.0,16.0
2018-06-12,US,Houston,o3,120,7.0,48.0,16.0
2018-06-20,US,Houston,o3,111,2.0,45.0,11.0
2018-06-22,US,Houston,o3,102,1.0,39.0,11.0
2018-06-29,US,Houston,o3,120,2.0,38.0,12.0
2018-02-25,US,Houston,o3,119,7.0,34.0,22.0
2018-06-08,US,Houston,o3,115,1.0,67.0,23.0
2018-04-15,US,Houston,o3,113,1.0,52.0,36.0
2018-04-21,US,Houston,o3,115,19.0,45.0,34.0
2018-06-16,US,Houston,o3,115,3.0,39.0,17.0
2018-01-21,US,Houston,o3,120,15.0,39.0,27.0
2018-03-06,US,Houston,o3,118,5.0,45.0,33.0
2018-02-23,US,Houston,o3,81,1.0,34.0,15.0
2018-03-17,US,Houston,o3,92,7.0,46.0,22.0
2018-04-29,US,Houston,o3,120,1.0,60.0,45.0
2018-05-08,US,Houston,o3,120,5.0,62.0,41.0
2018-05-12,US,Houston,o3,115,15.0,52.0,29.0
2018-06-02,US,Houston,o3,115,4.0,54.0,17.0
2018-01-17,US,Houston,o3,114,1.0,31.0,22.0
2018-02-08,US,Houston,o3,110,1.0,31.0,10.0
2018-03-27,US,Houston,o3,113,18.0,49.0,29.0
2018-03-31,US,Houston,o3,108,1.0,56.0,38.0
2018-04-11,US,Houston,o3,114,1.0,62.0,32.0
2018-05-01,US,Houston,o3,114,19.0,46.0,34.0
2018-05-04,US,Houston,o3,120,15.0,33.0,23.0
2018-06-06,US,Houston,o3,111,2.0,65.0,11.0
2018-02-12,US,Houston,o3,115,3.0,22.0,10.0
2018-03-16,US,Houston,o3,111,11.0,41.0,29.0
2018-02-14,US,Houston,o3,83,1.0,27.0,10.0
2018-02-15,US,Houston,o3,120,6.0,27.0,15.0
2018-03-25,US,Houston,o3,101,14.0,41.0,31.0
2018-03-29,US,Houston,o3,119,6.0,56.0,28.0
2018-05-20,US,Houston,o3,120,2.0,32.0,20.0
2018-06-19,US,Houston,o3,119,2.0,24.0,15.0
2018-01-02,US,Houston,o3,116,12.0,30.0,23.0
2018-01-23,US,Houston,o3,91,1.0,35.0,9.0
2018-06-27,US,Houston,o3,110,1.0,56.0,14.0
2018-01-30,US,Houston,o3,118,1.0,37.0,19.0
2018-03-14,US,Houston,o3,120,1.0,58.0,32.0
2018-04-06,US,Houston,o3,119,9.0,35.0,20.0
2018-04-30,US,Houston,o3,117,1.0,58.0,46.0
2018-06-13,US,Houston,o3,115,1.0,56.0,17.0
2018-01-04,US,Houston,o3,92,1.0,37.0,11.0
2018-01-22,US,Houston,o3,114,1.0,37.0,23.0
2018-03-05,US,Houston,o3,118,2.0,38.0,23.0
2018-03-18,US,Houston,o3,96,4.0,55.0,23.0
2018-05-29,US,Houston,o3,113,1.0,67.0,22.0
2018-01-24,US,Houston,o3,103,1.0,39.0,16.0
2018-02-22,US,Houston,o3,100,1.0,15.0,6.0
2018-01-29,US,Houston,o3,113,1.0,33.0,19.0
2018-02-28,US,Houston,o3,115,9.0,32.0,19.0
2018-05-05,US,Houston,o3,115,2.0,45.0,19.0
2018-06-26,US,Houston,o3,119,1.0,51.0,12.0
2018-01-01,US,Houston,o3,118,11.0,32.0,25.0
2018-01-20,US,Houston,o3,110,2.0,36.0,19.0
2018-03-21,US,Houston,o3,115,1.0,58.0,33.0
2018-03-26,US,Houston,o3,117,11.0,48.0,28.0
2018-06-23,US,Houston,o3,114,2.0,36.0,14.0
2018-01-10,US,Houston,o3,120,1.0,24.0,17.0
2018-03-01,US,Houston,o3,120,6.0,36.0,23.0
2018-03-08,US,Houston,o3,120,2.0,54.0,32.0
2018-03-09,US,Houston,o3,115,1.0,52.0,33.0
2018-03-11,US,Houston,o3,115,15.0,39.0,24.0
2018-04-01,US,Houston,o3,119,7.0,49.0,32.0
2018-05-03,US,Houston,o3,120,17.0,43.0,25.0
2018-05-06,US,Houston,o3,102,1.0,54.0,35.0
2018-01-07,US,Houston,o3,118,1.0,34.0,21.0
2018-02-26,US,Houston,o3,117,8.0,38.0,21.0
2018-05-15,US,Houston,o3,118,1.0,71.0,30.0
2018-04-28,US,Houston,o3,105,1.0,74.0,47.0
2018-05-28,US,Houston,o3,103,1.0,57.0,33.0
2018-06-24,US,Houston,o3,120,5.0,31.0,15.0
2018-06-30,US,Houston,o3,115,4.0,34.0,12.0
2018-07-01,US,Houston,o3,115,3.0,47.0,10.0
2018-02-27,US,Houston,o3,116,2.0,33.0,15.0
2018-03-22,US,Houston,o3,112,1.0,57.0,37.0
2018-01-25,US,Houston,o3,96,1.0,41.0,20.0
2018-02-18,US,Houston,o3,118,1.0,36.0,12.0
2018-03-30,US,Houston,o3,118,1.0,41.0,24.0
2018-04-18,US,Houston,o3,118,6.0,50.0,34.0
2018-05-17,US,Houston,o3,118,3.0,63.0,32.0
2018-01-06,US,Houston,o3,103,1.0,47.0,23.0
2018-01-13,US,Houston,o3,115,1.0,30.0,19.0
2018-05-24,US,Houston,o3,114,1.0,47.0,21.0
2018-05-30,US,Houston,o3,116,1.0,51.0,15.0
2018-01-03,US,Houston,o3,115,1.0,32.0,19.0
2018-04-17,US,Houston,o3,120,16.0,55.0,38.0
2018-05-18,US,Houston,o3,119,3.0,58.0,28.0
2018-05-19,US,Houston,o3,115,14.0,49.0,24.0
2018-06-14,US,Houston,o3,117,1.0,49.0,14.0
2018-01-18,US,Houston,o3,118,1.0,30.0,11.0
2018-02-05,US,Houston,o3,116,3.0,28.0,16.0
2018-04-16,US,Houston,o3,99,1.0,59.0,39.0
2018-04-24,US,Houston,o3,109,1.0,61.0,42.0
2018-05-22,US,Houston,o3,101,1.0,55.0,19.0
2018-05-25,US,Houston,o3,112,1.0,59.0,19.0
2018-01-27,US,Houston,o3,110,1.0,29.0,15.0
2018-03-12,US,Houston,o3,118,6.0,41.0,32.0
2018-03-02,US,Houston,o3,118,2.0,45.0,19.0
2018-04-08,US,Houston,o3,115,10.0,29.0,19.0
2018-04-22,US,Houston,o3,120,8.0,45.0,23.0
2018-01-28,US,Houston,o3,112,1.0,36.0,15.0
2018-02-17,US,Houston,o3,115,1.0,27.0,12.0
2018-03-23,US,Houston,o3,115,2.0,55.0,36.0
2018-04-26,US,Houston,o3,118,12.0,52.0,30.0
2018-04-27,US,Houston,o3,117,1.0,58.0,24.0
2018-05-16,US,Houston,o3,114,1.0,55.0,29.0
2018-06-21,US,Houston,o3,99,1.0,51.0,10.0
2018-01-31,US,Houston,o3,111,1.0,43.0,21.0
2018-02-24,US,Houston,o3,112,8.0,23.0,15.0
2018-03-15,US,Houston,o3,117,1.0,56.0,36.0
2018-04-23,US,Houston,o3,114,1.0,57.0,28.0
2018-05-10,US,Houston,o3,120,3.0,61.0,39.0
2018-06-15,US,Houston,o3,113,1.0,45.0,15.0
2018-01-19,US,Houston,o3,113,1.0,36.0,14.0
2018-02-09,US,Houston,o3,107,1.0,28.0,14.0
2018-05-14,US,Houston,o3,120,4.0,63.0,31.0
2018-05-23,US,Houston,o3,105,1.0,44.0,19.0
2018-05-31,US,Houston,o3,114,2.0,51.0,18.0
2018-02-16,US,Houston,o3,118,1.0,25.0,16.0
2018-05-13,US,Houston,o3,120,2.0,47.0,22.0
2018-02-13,US,Houston,o3,104,1.0,16.0,6.0
2018-04-05,US,Houston,o3,118,4.0,46.0,32.0
2018-04-07,US,Houston,o3,115,1.0,22.0,16.0
2018-04-09,US,Houston,o3,119,1.0,28.0,12.0
2018-04-19,US,Houston,o3,116,5.0,55.0,39.0
2018-05-11,US,Houston,o3,118,6.0,50.0,29.0
2018-01-12,US,Houston,o3,112,2.0,28.0,21.0
2018-01-16,US,Houston,o3,118,15.0,31.0,24.0
2018-01-31,US,Los Angeles,o3,17,1.0,22.0,6.0
2018-02-02,US,Los Angeles,o3,16,1.0,41.0,19.0
2018-03-02,US,Los Angeles,o3,24,4.0,21.0,15.0
2018-03-04,US,Los Angeles,o3,24,2.0,39.0,12.0
2018-06-11,US,Los Angeles,o3,24,2.0,56.0,28.0
2018-06-27,US,Los Angeles,o3,24,10.0,49.0,25.0
2018-01-20,US,Los Angeles,o3,48,1.0,36.0,30.0
2018-01-24,US,Los Angeles,o3,23,1.0,29.0,5.0
2018-03-30,US,Los Angeles,o3,22,1.0,57.0,11.0
2018-05-08,US,Los Angeles,o3,24,1.0,55.0,23.0
2018-06-15,US,Los Angeles,o3,24,2.0,45.0,23.0
2018-01-23,US,Los Angeles,o3,19,1.0,32.0,6.0
2018-04-17,US,Los Angeles,o3,24,8.0,47.0,34.0
2018-06-23,US,Los Angeles,o3,24,19.0,45.0,29.0
2018-06-09,US,Los Angeles,o3,24,1.0,54.0,25.0
2018-05-19,US,Los Angeles,o3,24,7.0,39.0,25.0
2018-01-21,US,Los Angeles,o3,40,1.0,35.0,15.0
2018-01-22,US,Los Angeles,o3,23,1.0,29.0,2.0
2018-02-07,US,Los Angeles,o3,24,1.0,39.0,3.0
2018-03-01,US,Los Angeles,o3,24,1.0,38.0,28.0
2018-03-08,US,Los Angeles,o3,17,1.0,41.0,19.0
2018-04-19,US,Los Angeles,o3,24,14.0,39.0,31.0
2018-05-07,US,Los Angeles,o3,24,1.0,45.0,24.0
2018-06-16,US,Los Angeles,o3,24,20.0,36.0,28.0
2018-01-25,US,Los Angeles,o3,15,1.0,33.0,10.0
2018-02-28,US,Los Angeles,o3,24,1.0,38.0,14.0
2018-03-17,US,Los Angeles,o3,24,6.0,38.0,31.0
2018-03-25,US,Los Angeles,o3,23,14.0,43.0,32.0
2018-04-20,US,Los Angeles,o3,24,9.0,45.0,23.0
2018-05-12,US,Los Angeles,o3,21,23.0,36.0,32.0
2018-06-01,US,Los Angeles,o3,24,1.0,41.0,19.0
2018-04-13,US,Los Angeles,o3,24,2.0,47.0,33.0
2018-01-03,US,Los Angeles,o3,21,1.0,7.0,2.0
2018-01-28,US,Los Angeles,o3,21,1.0,36.0,4.0
2018-02-08,US,Los Angeles,o3,16,1.0,39.0,17.0
2018-03-05,US,Los Angeles,o3,21,0.0,39.0,17.0
2018-03-15,US,Los Angeles,o3,24,15.0,39.0,28.0
2018-03-20,US,Los Angeles,o3,24,1.0,41.0,20.0
2018-04-03,US,Los Angeles,o3,24,21.0,44.0,30.0
2018-04-24,US,Los Angeles,o3,24,2.0,49.0,19.0
2018-05-26,US,Los Angeles,o3,24,9.0,39.0,23.0
2018-06-12,US,Los Angeles,o3,24,1.0,56.0,18.0
2018-06-13,US,Los Angeles,o3,24,1.0,49.0,18.0
2018-06-29,US,Los Angeles,o3,24,17.0,45.0,25.0
2018-01-11,US,Los Angeles,o3,11,1.0,27.0,5.0
2018-01-29,US,Los Angeles,o3,22,1.0,35.0,2.0
2018-02-22,US,Los Angeles,o3,24,1.0,37.0,19.0
2018-03-14,US,Los Angeles,o3,24,9.0,37.0,31.0
2018-05-11,US,Los Angeles,o3,19,3.0,33.0,27.0
2018-05-20,US,Los Angeles,o3,24,24.0,38.0,31.0
2018-01-30,US,Los Angeles,o3,23,1.0,24.0,2.0
2018-03-24,US,Los Angeles,o3,24,6.0,42.0,28.0
2018-07-01,US,Los Angeles,o3,23,15.0,44.0,24.0
2018-06-02,US,Los Angeles,o3,24,1.0,49.0,20.0
2018-01-10,US,Los Angeles,o3,16,1.0,12.0,2.0
2018-01-12,US,Los Angeles,o3,13,1.0,17.0,6.0
2018-02-17,US,Los Angeles,o3,22,1.0,44.0,12.0
2018-03-16,US,Los Angeles,o3,24,5.0,35.0,22.0
2018-04-10,US,Los Angeles,o3,24,2.0,58.0,32.0
2018-04-21,US,Los Angeles,o3,24,2.0,56.0,19.0
2018-05-29,US,Los Angeles,o3,24,17.0,41.0,23.0
2018-06-26,US,Los Angeles,o3,24,12.0,47.0,24.0
2018-02-10,US,Los Angeles,o3,24,8.0,37.0,31.0
2018-02-16,US,Los Angeles,o3,23,1.0,44.0,9.0
2018-04-08,US,Los Angeles,o3,24,2.0,49.0,21.0
2018-05-17,US,Los Angeles,o3,24,6.0,43.0,24.0
2018-06-04,US,Los Angeles,o3,24,11.0,47.0,22.0
2018-01-18,US,Los Angeles,o3,29,1.0,28.0,10.0
2018-01-26,US,Los Angeles,o3,22,1.0,35.0,4.0
2018-01-27,US,Los Angeles,o3,23,2.0,37.0,3.0
2018-04-23,US,Los Angeles,o3,24,2.0,47.0,20.0
2018-05-25,US,Los Angeles,o3,24,11.0,36.0,28.0
2018-06-20,US,Los Angeles,o3,24,2.0,58.0,24.0
2018-06-25,US,Los Angeles,o3,24,11.0,44.0,21.0
2018-03-12,US,Los Angeles,o3,24,2.0,32.0,11.0
2018-04-16,US,Los Angeles,o3,24,16.0,42.0,32.0
2018-04-02,US,Los Angeles,o3,24,24.0,41.0,33.0
2018-03-07,US,Los Angeles,o3,10,1.0,28.0,15.0
2018-03-09,US,Los Angeles,o3,21,1.0,32.0,14.0
2018-03-10,US,Los Angeles,o3,24,7.0,24.0,14.0
2018-03-11,US,Los Angeles,o3,24,1.0,28.0,18.0
2018-03-23,US,Los Angeles,o3,24,3.0,37.0,18.0
2018-03-26,US,Los Angeles,o3,24,1.0,44.0,27.0
2018-03-28,US,Los Angeles,o3,24,1.0,46.0,15.0
2018-04-26,US,Los Angeles,o3,24,16.0,43.0,32.0
2018-05-22,US,Los Angeles,o3,24,10.0,35.0,24.0
2018-06-06,US,Los Angeles,o3,24,19.0,43.0,30.0
2018-06-19,US,Los Angeles,o3,24,14.0,44.0,23.0
2018-05-18,US,Los Angeles,o3,23,2.0,36.0,25.0
2018-06-28,US,Los Angeles,o3,24,6.0,41.0,21.0
2018-01-05,US,Los Angeles,o3,20,1.0,22.0,2.0
2018-02-12,US,Los Angeles,o3,24,10.0,34.0,23.0
2018-02-24,US,Los Angeles,o3,24,2.0,41.0,20.0
2018-04-18,US,Los Angeles,o3,24,2.0,47.0,31.0
2018-05-31,US,Los Angeles,o3,24,8.0,36.0,21.0
2018-06-22,US,Los Angeles,o3,24,19.0,56.0,24.0
2018-01-04,US,Los Angeles,o3,21,1.0,24.0,7.0
2018-03-29,US,Los Angeles,o3,23,1.0,45.0,15.0
2018-04-22,US,Los Angeles,o3,24,1.0,58.0,24.0
2018-05-04,US,Los Angeles,o3,22,1.0,58.0,20.0
2018-05-10,US,Los Angeles,o3,24,8.0,42.0,28.0
2018-05-15,US,Los Angeles,o3,20,4.0,38.0,19.0
2018-05-30,US,Los Angeles,o3,24,16.0,28.0,23.0
2018-01-07,US,Los Angeles,o3,21,1.0,32.0,4.0
2018-02-03,US,Los Angeles,o3,17,1.0,55.0,19.0
2018-02-14,US,Los Angeles,o3,24,1.0,34.0,5.0
2018-02-26,US,Los Angeles,o3,22,1.0,41.0,24.0
2018-04-14,US,Los Angeles,o3,24,2.0,58.0,23.0
2018-05-03,US,Los Angeles,o3,24,1.0,42.0,19.0
2018-02-15,US,Los Angeles,o3,24,1.0,38.0,9.0
2018-04-04,US,Los Angeles,o3,24,6.0,45.0,25.0
2018-01-08,US,Los Angeles,o3,15,2.0,18.0,5.0
2018-04-07,US,Los Angeles,o3,24,2.0,27.0,19.0
2018-04-28,US,Los Angeles,o3,24,2.0,45.0,30.0
2018-05-16,US,Los Angeles,o3,24,2.0,39.0,22.0
2018-01-01,US,Los Angeles,o3,19,1.0,39.0,19.0
2018-02-18,US,Los Angeles,o3,24,1.0,45.0,28.0
2018-04-05,US,Los Angeles,o3,24,12.0,45.0,19.0
2018-04-25,US,Los Angeles,o3,24,15.0,47.0,31.0
2018-06-05,US,Los Angeles,o3,23,15.0,41.0,29.0
2018-06-08,US,Los Angeles,o3,24,1.0,55.0,15.0
2018-01-06,US,Los Angeles,o3,17,1.0,12.0,10.0
2018-02-21,US,Los Angeles,o3,24,2.0,36.0,12.0
2018-03-21,US,Los Angeles,o3,24,1.0,33.0,9.0
2018-04-30,US,Los Angeles,o3,24,22.0,39.0,32.0
2018-05-09,US,Los Angeles,o3,24,8.0,54.0,23.0
2018-06-21,US,Los Angeles,o3,24,12.0,58.0,28.0
2018-06-24,US,Los Angeles,o3,24,20.0,46.0,24.0
2018-01-13,US,Los Angeles,o3,16,1.0,39.0,6.0
2018-02-20,US,Los Angeles,o3,24,2.0,34.0,29.0
2018-05-01,US,Los Angeles,o3,24,23.0,42.0,33.0
2018-05-21,US,Los Angeles,o3,24,6.0,30.0,25.0
2018-05-28,US,Los Angeles,o3,24,19.0,48.0,25.0
2018-06-03,US,Los Angeles,o3,24,1.0,47.0,28.0
2018-06-14,US,Los Angeles,o3,24,5.0,62.0,23.0
2018-03-03,US,Los Angeles,o3,23,3.0,38.0,23.0
2018-03-31,US,Los Angeles,o3,24,1.0,55.0,28.0
2018-01-19,US,Los Angeles,o3,42,1.0,28.0,17.0
2018-03-27,US,Los Angeles,o3,24,2.0,41.0,19.0
2018-06-17,US,Los Angeles,o3,24,24.0,32.0,28.0
2018-01-15,US,Los Angeles,o3,28,0.0,23.0,4.0
2018-03-19,US,Los Angeles,o3,24,1.0,43.0,19.0
2018-04-27,US,Los Angeles,o3,24,16.0,46.0,27.0
2018-06-10,US,Los Angeles,o3,24,6.0,50.0,23.0
2018-05-06,US,Los Angeles,o3,24,1.0,55.0,22.0
2018-01-14,US,Los Angeles,o3,24,1.0,44.0,4.0
2018-02-13,US,Los Angeles,o3,24,1.0,36.0,21.0
2018-02-23,US,Los Angeles,o3,24,10.0,41.0,34.0
2018-04-01,US,Los Angeles,o3,24,15.0,43.0,28.0
2018-04-11,US,Los Angeles,o3,24,1.0,47.0,28.0
2018-04-15,US,Los Angeles,o3,24,2.0,56.0,33.0
2018-05-02,US,Los Angeles,o3,24,19.0,36.0,28.0
2018-06-18,US,Los Angeles,o3,24,10.0,36.0,27.0
2018-01-16,US,Los Angeles,o3,35,1.0,21.0,10.0
2018-02-25,US,Los Angeles,o3,24,2.0,44.0,29.0
2018-03-13,US,Los Angeles,o3,24,1.0,21.0,10.0
2018-05-13,US,Los Angeles,o3,23,25.0,45.0,33.0
2018-05-27,US,Los Angeles,o3,24,6.0,44.0,28.0
2018-06-07,US,Los Angeles,o3,24,2.0,52.0,25.0
2018-04-12,US,Los Angeles,o3,24,12.0,47.0,45.0
2018-01-02,US,Los Angeles,o3,21,1.0,31.0,2.0
2018-02-01,US,Los Angeles,o3,14,1.0,21.0,7.0
2018-02-04,US,Los Angeles,o3,21,1.0,55.0,15.0
2018-02-09,US,Los Angeles,o3,19,1.0,43.0,15.0
2018-02-11,US,Los Angeles,o3,23,1.0,44.0,18.0
2018-02-19,US,Los Angeles,o3,23,23.0,37.0,34.0
2018-04-09,US,Los Angeles,o3,23,1.0,55.0,16.0
2018-05-05,US,Los Angeles,o3,17,1.0,46.0,7.0
2018-02-05,US,Los Angeles,o3,23,1.0,32.0,4.0
2018-02-27,US,Los Angeles,o3,24,2.0,34.0,29.0
2018-03-22,US,Los Angeles,o3,20,1.0,20.0,15.0
2018-04-29,US,Los Angeles,o3,24,8.0,45.0,34.0
2018-05-14,US,Los Angeles,o3,24,2.0,38.0,28.0
2018-01-09,US,Los Angeles,o3,24,1.0,31.0,15.0
2018-02-06,US,Los Angeles,o3,23,1.0,37.0,8.0
2018-04-06,US,Los Angeles,o3,24,4.0,41.0,18.0
2018-05-23,US,Los Angeles,o3,24,18.0,39.0,28.0
2018-06-30,US,Los Angeles,o3,24,19.0,45.0,24.0
2018-01-17,US,Los Angeles,o3,26,1.0,33.0,10.0
2018-03-18,US,Los Angeles,o3,24,2.0,39.0,23.0
2018-05-24,US,Los Angeles,o3,24,6.0,32.0,29.0
2018-01-17,US,Manhattan,o3,15,1.0,15.0,8.0
2018-02-20,US,Manhattan,o3,15,1.0,10.0,7.0
2018-03-23,US,Manhattan,o3,24,12.0,33.0,27.0
2018-03-27,US,Manhattan,o3,24,4.0,28.0,17.0
2018-04-05,US,Manhattan,o3,24,19.0,39.0,34.0
2018-05-07,US,Manhattan,o3,24,28.0,46.0,36.0
2018-06-29,US,Manhattan,o3,23,17.0,49.0,39.0
2018-07-01,US,Manhattan,o3,37,10.0,73.0,55.0
2018-01-21,US,Manhattan,o3,21,1.0,32.0,10.0
2018-02-08,US,Manhattan,o3,24,17.0,29.0,23.0
2018-02-10,US,Manhattan,o3,10,1.0,10.0,2.0
2018-03-08,US,Manhattan,o3,24,11.0,25.0,20.0
2018-04-27,US,Manhattan,o3,24,10.0,28.0,24.0
2018-05-15,US,Manhattan,o3,24,1.0,61.0,18.0
2018-01-20,US,Manhattan,o3,21,2.0,30.0,16.0
2018-04-30,US,Manhattan,o3,24,10.0,32.0,28.0
2018-05-27,US,Manhattan,o3,23,15.0,45.0,28.0
2018-06-04,US,Manhattan,o3,46,6.0,34.0,21.0
2018-02-18,US,Manhattan,o3,24,1.0,32.0,19.0
2018-03-11,US,Manhattan,o3,24,19.0,35.0,25.0
2018-04-02,US,Manhattan,o3,24,6.0,38.0,24.0
2018-04-07,US,Manhattan,o3,24,30.0,41.0,35.0
2018-04-12,US,Manhattan,o3,24,2.0,38.0,25.0
2018-03-17,US,Manhattan,o3,24,22.0,37.0,29.0
2018-04-20,US,Manhattan,o3,21,25.0,32.0,30.0
2018-02-17,US,Manhattan,o3,24,2.0,32.0,23.0
2018-03-05,US,Manhattan,o3,24,15.0,27.0,21.0
2018-03-19,US,Manhattan,o3,23,1.0,37.0,23.0
2018-03-28,US,Manhattan,o3,18,3.0,19.0,10.0
2018-02-27,US,Manhattan,o3,23,2.0,32.0,12.0
2018-04-19,US,Manhattan,o3,24,10.0,33.0,22.0
2018-01-02,US,Manhattan,o3,24,7.0,22.0,15.0
2018-01-06,US,Manhattan,o3,20,17.0,27.0,23.0
2018-01-26,US,Manhattan,o3,24,1.0,23.0,10.0
2018-01-31,US,Manhattan,o3,44,6.0,32.0,22.0
2018-02-14,US,Manhattan,o3,19,2.0,21.0,11.0
2018-02-24,US,Manhattan,o3,24,1.0,15.0,7.0
2018-05-25,US,Manhattan,o3,24,12.0,55.0,38.0
2018-06-11,US,Manhattan,o3,24,6.0,42.0,23.0
2018-03-29,US,Manhattan,o3,18,1.0,15.0,9.0
2018-05-08,US,Manhattan,o3,24,19.0,49.0,38.0
2018-05-13,US,Manhattan,o3,24,15.0,28.0,19.0
2018-05-30,US,Manhattan,o3,48,6.0,37.0,23.0
2018-06-17,US,Manhattan,o3,24,12.0,62.0,45.0
2018-05-06,US,Manhattan,o3,24,15.0,45.0,30.0
2018-06-09,US,Manhattan,o3,23,24.0,51.0,38.0
2018-01-05,US,Manhattan,o3,23,15.0,30.0,22.0
2018-01-18,US,Manhattan,o3,24,2.0,23.0,15.0
2018-01-23,US,Manhattan,o3,19,2.0,23.0,15.0
2018-02-23,US,Manhattan,o3,24,1.0,17.0,9.0
2018-02-25,US,Manhattan,o3,24,3.0,19.0,11.0
2018-05-05,US,Manhattan,o3,24,20.0,51.0,43.0
2018-01-14,US,Manhattan,o3,24,14.0,27.0,21.0
2018-02-12,US,Manhattan,o3,22,4.0,28.0,25.0
2018-02-22,US,Manhattan,o3,20,7.0,28.0,17.0
2018-02-26,US,Manhattan,o3,24,2.0,28.0,9.0
2018-05-16,US,Manhattan,o3,24,16.0,30.0,21.0
2018-06-26,US,Manhattan,o3,47,7.0,34.0,25.0
2018-04-06,US,Manhattan,o3,24,1.0,41.0,23.0
2018-04-10,US,Manhattan,o3,24,16.0,36.0,23.0
2018-05-17,US,Manhattan,o3,20,2.0,24.0,8.0
2018-06-01,US,Manhattan,o3,48,2.0,28.0,12.0
2018-06-28,US,Manhattan,o3,24,9.0,45.0,22.0
2018-04-09,US,Manhattan,o3,24,14.0,34.0,25.0
2018-04-13,US,Manhattan,o3,24,6.0,59.0,31.0
2018-01-25,US,Manhattan,o3,23,14.0,29.0,23.0
2018-02-13,US,Manhattan,o3,24,2.0,28.0,23.0
2018-03-01,US,Manhattan,o3,23,1.0,31.0,18.0
2018-03-02,US,Manhattan,o3,24,16.0,36.0,21.0
2018-03-03,US,Manhattan,o3,24,21.0,30.0,24.0
2018-03-26,US,Manhattan,o3,24,2.0,34.0,27.0
2018-04-17,US,Manhattan,o3,24,19.0,30.0,24.0
2018-05-28,US,Manhattan,o3,36,9.0,24.0,16.0
2018-06-16,US,Manhattan,o3,24,6.0,42.0,29.0
2018-06-13,US,Manhattan,o3,23,14.0,31.0,22.0
2018-06-18,US,Manhattan,o3,24,15.0,62.0,41.0
2018-01-12,US,Manhattan,o3,13,2.0,17.0,10.0
2018-01-16,US,Manhattan,o3,14,1.0,8.0,2.0
2018-02-03,US,Manhattan,o3,24,10.0,23.0,18.0
2018-03-30,US,Manhattan,o3,19,1.0,30.0,20.0
2018-04-14,US,Manhattan,o3,22,14.0,58.0,34.0
2018-06-02,US,Manhattan,o3,47,1.0,51.0,35.0
2018-01-10,US,Manhattan,o3,22,1.0,12.0,4.0
2018-02-11,US,Manhattan,o3,3,1.0,5.0,2.0
2018-04-15,US,Manhattan,o3,23,29.0,38.0,34.0
2018-04-28,US,Manhattan,o3,24,7.0,46.0,32.0
2018-06-05,US,Manhattan,o3,48,1.0,45.0,23.0
2018-06-20,US,Manhattan,o3,24,10.0,60.0,23.0
2018-02-15,US,Manhattan,o3,9,1.0,2.0,2.0
2018-03-22,US,Manhattan,o3,24,11.0,36.0,28.0
2018-04-26,US,Manhattan,o3,21,7.0,43.0,36.0
2018-06-03,US,Manhattan,o3,47,14.0,25.0,19.0
2018-01-29,US,Manhattan,o3,48,1.0,28.0,19.0
2018-03-04,US,Manhattan,o3,23,22.0,30.0,25.0
2018-04-16,US,Manhattan,o3,24,9.0,45.0,28.0
2018-04-24,US,Manhattan,o3,24,2.0,47.0,37.0
2018-05-03,US,Manhattan,o3,24,7.0,55.0,31.0
2018-05-11,US,Manhattan,o3,10,20.0,34.0,24.0
2018-02-28,US,Manhattan,o3,22,3.0,23.0,12.0
2018-05-24,US,Manhattan,o3,24,20.0,55.0,44.0
2018-06-10,US,Manhattan,o3,24,5.0,30.0,23.0
2018-01-15,US,Manhattan,o3,24,4.0,22.0,15.0
2018-02-02,US,Manhattan,o3,45,2.0,33.0,24.0
2018-02-19,US,Manhattan,o3,19,1.0,27.0,9.0
2018-03-12,US,Manhattan,o3,23,3.0,28.0,23.0
2018-03-13,US,Manhattan,o3,24,15.0,32.0,28.0
2018-01-04,US,Manhattan,o3,23,1.0,24.0,20.0
2018-03-10,US,Manhattan,o3,22,18.0,32.0,28.0
2018-04-23,US,Manhattan,o3,24,2.0,46.0,29.0
2018-05-01,US,Manhattan,o3,24,4.0,51.0,34.0
2018-05-04,US,Manhattan,o3,24,6.0,52.0,21.0
2018-06-22,US,Manhattan,o3,44,23.0,44.0,32.0
2018-05-18,US,Manhattan,o3,20,6.0,32.0,28.0
2018-01-03,US,Manhattan,o3,18,1.0,8.0,6.0
2018-03-18,US,Manhattan,o3,24,15.0,36.0,29.0
2018-03-25,US,Manhattan,o3,23,19.0,33.0,29.0
2018-04-21,US,Manhattan,o3,23,23.0,43.0,31.0
2018-04-29,US,Manhattan,o3,24,22.0,33.0,27.0
2018-05-02,US,Manhattan,o3,22,12.0,58.0,45.0
2018-01-11,US,Manhattan,o3,10,1.0,2.0,2.0
2018-02-21,US,Manhattan,o3,19,1.0,23.0,15.0
2018-04-01,US,Manhattan,o3,24,14.0,34.0,31.0
2018-05-31,US,Manhattan,o3,48,8.0,28.0,19.0
2018-01-22,US,Manhattan,o3,15,1.0,19.0,15.0
2018-01-24,US,Manhattan,o3,24,3.0,23.0,19.0
2018-02-07,US,Manhattan,o3,22,1.0,23.0,9.0
2018-03-07,US,Manhattan,o3,24,15.0,30.0,23.0
2018-03-31,US,Manhattan,o3,22,24.0,34.0,31.0
2018-05-10,US,Manhattan,o3,24,8.0,31.0,25.0
2018-06-25,US,Manhattan,o3,47,14.0,35.0,24.0
2018-01-07,US,Manhattan,o3,24,3.0,23.0,19.0
2018-03-09,US,Manhattan,o3,22,10.0,28.0,19.0
2018-03-15,US,Manhattan,o3,22,23.0,38.0,28.0
2018-04-08,US,Manhattan,o3,24,12.0,36.0,29.0
2018-05-19,US,Manhattan,o3,22,2.0,30.0,19.0
2018-05-21,US,Manhattan,o3,24,15.0,50.0,28.0
2018-02-16,US,Manhattan,o3,17,2.0,29.0,23.0
2018-05-09,US,Manhattan,o3,24,7.0,49.0,25.0
2018-05-23,US,Manhattan,o3,23,1.0,39.0,23.0
2018-06-19,US,Manhattan,o3,20,19.0,37.0,32.0
2018-01-09,US,Manhattan,o3,18,1.0,28.0,14.0
2018-01-19,US,Manhattan,o3,19,1.0,17.0,5.0
2018-03-21,US,Manhattan,o3,24,17.0,29.0,27.0
2018-03-24,US,Manhattan,o3,23,22.0,39.0,29.0
2018-06-21,US,Manhattan,o3,29,19.0,56.0,39.0
2018-06-27,US,Manhattan,o3,41,16.0,34.0,28.0
2018-01-28,US,Manhattan,o3,46,1.0,29.0,15.0
2018-03-14,US,Manhattan,o3,24,15.0,28.0,23.0
2018-03-20,US,Manhattan,o3,22,7.0,24.0,16.0
2018-05-12,US,Manhattan,o3,13,8.0,35.0,24.0
2018-05-26,US,Manhattan,o3,24,21.0,56.0,32.0
2018-06-07,US,Manhattan,o3,48,8.0,29.0,21.0
2018-06-12,US,Manhattan,o3,23,2.0,37.0,22.0
2018-06-24,US,Manhattan,o3,48,4.0,45.0,29.0
2018-02-06,US,Manhattan,o3,20,1.0,16.0,5.0
2018-02-09,US,Manhattan,o3,22,8.0,21.0,16.0
2018-05-20,US,Manhattan,o3,19,2.0,32.0,23.0
2018-05-22,US,Manhattan,o3,24,2.0,29.0,17.0
2018-05-29,US,Manhattan,o3,46,1.0,60.0,19.0
2018-06-06,US,Manhattan,o3,47,12.0,31.0,20.0
2018-01-13,US,Manhattan,o3,23,5.0,27.0,22.0
2018-03-16,US,Manhattan,o3,24,18.0,29.0,25.0
2018-06-15,US,Manhattan,o3,24,9.0,31.0,27.0
2018-06-23,US,Manhattan,o3,46,14.0,29.0,27.0
2018-06-30,US,Manhattan,o3,24,18.0,69.0,36.0
2018-02-01,US,Manhattan,o3,40,1.0,23.0,10.0
2018-03-06,US,Manhattan,o3,24,10.0,32.0,22.0
2018-06-08,US,Manhattan,o3,30,6.0,50.0,22.0
2018-02-05,US,Manhattan,o3,24,2.0,30.0,19.0
2018-04-18,US,Manhattan,o3,23,12.0,31.0,24.0
2018-05-14,US,Manhattan,o3,24,7.0,25.0,17.0
2018-06-14,US,Manhattan,o3,24,25.0,41.0,35.0
2018-01-08,US,Manhattan,o3,21,1.0,8.0,4.0
2018-01-30,US,Manhattan,o3,44,10.0,30.0,19.0
2018-04-11,US,Manhattan,o3,24,2.0,34.0,25.0
2018-04-25,US,Manhattan,o3,23,1.0,35.0,25.0
2018-01-01,US,Manhattan,o3,24,12.0,28.0,23.0
2018-01-27,US,Manhattan,o3,24,7.0,27.0,15.0
2018-02-04,US,Manhattan,o3,19,1.0,19.0,12.0
2018-04-03,US,Manhattan,o3,21,1.0,29.0,20.0
2018-04-04,US,Manhattan,o3,24,1.0,38.0,15.0
2018-04-22,US,Manhattan,o3,24,15.0,48.0,36.0
2018-04-14,US,Jacksonville,o3,48,2.0,21.0,15.0
2018-04-28,US,Jacksonville,o3,48,7.0,28.0,19.0
2018-03-02,US,Jacksonville,o3,48,11.0,23.0,16.0
2018-03-18,US,Jacksonville,o3,48,9.0,19.0,15.0
2018-04-09,US,Jacksonville,o3,47,9.0,19.0,17.0
2018-04-22,US,Jacksonville,o3,45,16.0,23.0,20.0
2018-06-03,US,Jacksonville,o3,144,6.0,18.0,12.0
2018-01-07,US,Jacksonville,o3,46,3.0,17.0,16.0
2018-01-14,US,Jacksonville,o3,45,6.0,16.0,11.0
2018-01-17,US,Jacksonville,o3,44,0.0,16.0,10.0
2018-01-27,US,Jacksonville,o3,46,7.0,19.0,17.0
2018-01-30,US,Jacksonville,o3,48,2.0,17.0,14.0
2018-04-07,US,Jacksonville,o3,48,10.0,18.0,14.0
2018-05-13,US,Jacksonville,o3,47,1.0,21.0,12.0
2018-06-04,US,Jacksonville,o3,144,7.0,23.0,15.0
2018-06-29,US,Jacksonville,o3,120,2.0,25.0,10.0
2018-05-31,US,Jacksonville,o3,138,5.0,20.0,11.0
2018-01-16,US,Jacksonville,o3,48,3.0,19.0,10.0
2018-03-04,US,Jacksonville,o3,48,2.0,23.0,14.0
2018-03-05,US,Jacksonville,o3,47,0.0,23.0,12.0
2018-03-07,US,Jacksonville,o3,48,12.0,21.0,17.0
2018-03-22,US,Jacksonville,o3,48,12.0,23.0,17.0
2018-04-01,US,Jacksonville,o3,48,5.0,21.0,17.0
2018-04-05,US,Jacksonville,o3,47,10.0,23.0,18.0
2018-06-14,US,Jacksonville,o3,141,0.0,14.0,9.0
2018-06-17,US,Jacksonville,o3,141,0.0,16.0,8.0
2018-06-21,US,Jacksonville,o3,135,4.0,30.0,9.0
2018-06-18,US,Jacksonville,o3,144,0.0,19.0,14.0
2018-01-21,US,Jacksonville,o3,48,0.0,22.0,15.0
2018-02-01,US,Jacksonville,o3,46,0.0,21.0,10.0
2018-03-25,US,Jacksonville,o3,46,15.0,27.0,20.0
2018-03-26,US,Jacksonville,o3,42,15.0,21.0,18.0
2018-03-31,US,Jacksonville,o3,48,4.0,20.0,17.0
2018-05-21,US,Jacksonville,o3,138,3.0,12.0,11.0
2018-06-12,US,Jacksonville,o3,141,2.0,24.0,7.0
2018-06-28,US,Jacksonville,o3,116,2.0,17.0,10.0
2018-01-12,US,Jacksonville,o3,46,7.0,16.0,10.0
2018-02-22,US,Jacksonville,o3,46,2.0,17.0,11.0
2018-05-14,US,Jacksonville,o3,47,2.0,16.0,10.0
2018-05-19,US,Jacksonville,o3,123,0.0,18.0,11.0
2018-05-23,US,Jacksonville,o3,132,0.0,19.0,10.0
2018-05-29,US,Jacksonville,o3,144,6.0,16.0,11.0
2018-06-15,US,Jacksonville,o3,144,0.0,20.0,5.0
2018-01-24,US,Jacksonville,o3,48,2.0,17.0,12.0
2018-04-10,US,Jacksonville,o3,46,11.0,19.0,16.0
2018-04-29,US,Jacksonville,o3,48,7.0,27.0,20.0
2018-05-16,US,Jacksonville,o3,141,4.0,17.0,12.0
2018-06-13,US,Jacksonville,o3,144,0.0,20.0,11.0
2018-01-09,US,Jacksonville,o3,45,10.0,16.0,14.0
2018-02-02,US,Jacksonville,o3,48,5.0,19.0,14.0
2018-02-08,US,Jacksonville,o3,44,2.0,15.0,8.0
2018-02-15,US,Jacksonville,o3,44,0.0,18.0,6.0
2018-03-12,US,Jacksonville,o3,46,8.0,19.0,14.0
2018-05-05,US,Jacksonville,o3,47,2.0,18.0,12.0
2018-05-18,US,Jacksonville,o3,144,4.0,17.0,10.0
2018-06-02,US,Jacksonville,o3,141,1.0,18.0,11.0
2018-01-11,US,Jacksonville,o3,48,1.0,15.0,11.0
2018-01-23,US,Jacksonville,o3,46,4.0,15.0,11.0
2018-02-06,US,Jacksonville,o3,46,1.0,19.0,7.0
2018-02-23,US,Jacksonville,o3,46,0.0,16.0,10.0
2018-03-14,US,Jacksonville,o3,48,5.0,23.0,15.0
2018-03-19,US,Jacksonville,o3,48,4.0,16.0,9.0
2018-04-02,US,Jacksonville,o3,43,1.0,20.0,9.0
2018-06-23,US,Jacksonville,o3,120,2.0,11.0,7.0
2018-02-16,US,Jacksonville,o3,48,2.0,18.0,9.0
2018-03-30,US,Jacksonville,o3,48,3.0,17.0,11.0
2018-04-03,US,Jacksonville,o3,48,0.0,17.0,10.0
2018-04-23,US,Jacksonville,o3,48,3.0,19.0,11.0
2018-04-30,US,Jacksonville,o3,48,14.0,24.0,21.0
2018-05-02,US,Jacksonville,o3,45,2.0,21.0,18.0
2018-06-05,US,Jacksonville,o3,144,4.0,28.0,16.0
2018-06-25,US,Jacksonville,o3,102,1.0,20.0,9.0
2018-06-27,US,Jacksonville,o3,108,0.0,28.0,12.0
2018-02-27,US,Jacksonville,o3,47,7.0,20.0,15.0
2018-03-03,US,Jacksonville,o3,48,6.0,22.0,17.0
2018-05-07,US,Jacksonville,o3,47,4.0,27.0,18.0
2018-05-26,US,Jacksonville,o3,132,0.0,12.0,10.0
2018-06-07,US,Jacksonville,o3,132,1.0,28.0,11.0
2018-03-09,US,Jacksonville,o3,46,6.0,23.0,17.0
2018-04-18,US,Jacksonville,o3,45,4.0,28.0,19.0
2018-06-19,US,Jacksonville,o3,138,2.0,29.0,12.0
2018-06-24,US,Jacksonville,o3,120,2.0,12.0,8.0
2018-03-23,US,Jacksonville,o3,47,4.0,25.0,16.0
2018-04-25,US,Jacksonville,o3,45,4.0,22.0,15.0
2018-06-16,US,Jacksonville,o3,141,0.0,17.0,5.0
2018-01-25,US,Jacksonville,o3,44,11.0,19.0,15.0
2018-02-10,US,Jacksonville,o3,47,4.0,11.0,9.0
2018-02-25,US,Jacksonville,o3,48,3.0,17.0,10.0
2018-03-13,US,Jacksonville,o3,48,6.0,23.0,15.0
2018-05-06,US,Jacksonville,o3,48,2.0,21.0,9.0
2018-01-18,US,Jacksonville,o3,48,4.0,18.0,12.0
2018-01-28,US,Jacksonville,o3,48,4.0,17.0,14.0
2018-05-04,US,Jacksonville,o3,45,4.0,22.0,16.0
2018-05-24,US,Jacksonville,o3,144,2.0,23.0,8.0
2018-06-08,US,Jacksonville,o3,138,2.0,24.0,11.0
2018-01-03,US,Jacksonville,o3,44,9.0,17.0,11.0
2018-01-22,US,Jacksonville,o3,46,1.0,18.0,14.0
2018-05-09,US,Jacksonville,o3,46,0.0,24.0,17.0
2018-05-20,US,Jacksonville,o3,144,4.0,15.0,10.0
2018-05-28,US,Jacksonville,o3,144,1.0,19.0,10.0
2018-01-02,US,Jacksonville,o3,39,11.0,16.0,15.0
2018-01-13,US,Jacksonville,o3,48,6.0,16.0,9.0
2018-02-09,US,Jacksonville,o3,47,6.0,19.0,15.0
2018-02-19,US,Jacksonville,o3,48,4.0,16.0,9.0
2018-05-27,US,Jacksonville,o3,144,5.0,15.0,11.0
2018-06-20,US,Jacksonville,o3,144,2.0,27.0,9.0
2018-01-20,US,Jacksonville,o3,46,0.0,20.0,9.0
2018-02-24,US,Jacksonville,o3,45,0.0,17.0,12.0
2018-03-16,US,Jacksonville,o3,46,11.0,28.0,20.0
2018-03-24,US,Jacksonville,o3,48,0.0,29.0,22.0
2018-03-27,US,Jacksonville,o3,47,5.0,22.0,17.0
2018-04-06,US,Jacksonville,o3,48,2.0,24.0,18.0
2018-06-09,US,Jacksonville,o3,144,2.0,22.0,15.0
2018-03-20,US,Jacksonville,o3,48,6.0,22.0,10.0
2018-04-08,US,Jacksonville,o3,46,10.0,20.0,15.0
2018-05-10,US,Jacksonville,o3,48,0.0,34.0,19.0
2018-05-11,US,Jacksonville,o3,46,9.0,29.0,20.0
2018-05-15,US,Jacksonville,o3,138,10.0,18.0,15.0
2018-05-22,US,Jacksonville,o3,144,6.0,12.0,10.0
2018-06-01,US,Jacksonville,o3,141,2.0,21.0,8.0
2018-01-15,US,Jacksonville,o3,47,4.0,19.0,12.0
2018-01-26,US,Jacksonville,o3,43,6.0,17.0,16.0
2018-02-13,US,Jacksonville,o3,45,8.0,11.0,10.0
2018-02-28,US,Jacksonville,o3,45,1.0,20.0,14.0
2018-04-16,US,Jacksonville,o3,47,12.0,22.0,18.0
2018-05-30,US,Jacksonville,o3,144,1.0,12.0,8.0
2018-01-04,US,Jacksonville,o3,48,8.0,17.0,11.0
2018-02-03,US,Jacksonville,o3,48,9.0,19.0,17.0
2018-02-04,US,Jacksonville,o3,48,7.0,17.0,12.0
2018-02-20,US,Jacksonville,o3,48,2.0,11.0,8.0
2018-05-08,US,Jacksonville,o3,45,2.0,21.0,14.0
2018-05-25,US,Jacksonville,o3,132,0.0,10.0,9.0
2018-06-22,US,Jacksonville,o3,130,4.0,19.0,9.0
2018-01-06,US,Jacksonville,o3,47,1.0,17.0,10.0
2018-02-18,US,Jacksonville,o3,48,5.0,12.0,9.0
2018-02-21,US,Jacksonville,o3,48,2.0,10.0,8.0
2018-04-17,US,Jacksonville,o3,48,6.0,24.0,18.0
2018-04-24,US,Jacksonville,o3,48,2.0,23.0,17.0
2018-06-10,US,Jacksonville,o3,144,2.0,21.0,12.0
2018-01-10,US,Jacksonville,o3,43,10.0,16.0,15.0
2018-04-15,US,Jacksonville,o3,48,6.0,20.0,11.0
2018-04-19,US,Jacksonville,o3,48,12.0,23.0,19.0
2018-04-20,US,Jacksonville,o3,48,14.0,24.0,19.0
2018-06-11,US,Jacksonville,o3,144,0.0,19.0,11.0
2018-01-31,US,Jacksonville,o3,46,2.0,19.0,6.0
2018-03-06,US,Jacksonville,o3,46,2.0,23.0,17.0
2018-03-28,US,Jacksonville,o3,47,0.0,21.0,18.0
2018-04-04,US,Jacksonville,o3,48,2.0,15.0,11.0
2018-04-12,US,Jacksonville,o3,41,0.0,24.0,11.0
2018-04-13,US,Jacksonville,o3,46,1.0,23.0,18.0
2018-05-03,US,Jacksonville,o3,48,4.0,25.0,19.0
2018-06-30,US,Jacksonville,o3,120,2.0,16.0,9.0
2018-01-05,US,Jacksonville,o3,43,1.0,15.0,11.0
2018-02-14,US,Jacksonville,o3,42,6.0,11.0,9.0
2018-02-26,US,Jacksonville,o3,46,0.0,15.0,7.0
2018-03-17,US,Jacksonville,o3,48,2.0,25.0,15.0
2018-04-21,US,Jacksonville,o3,44,18.0,24.0,21.0
2018-04-27,US,Jacksonville,o3,46,11.0,25.0,17.0
2018-06-06,US,Jacksonville,o3,144,6.0,22.0,15.0
2018-02-05,US,Jacksonville,o3,47,5.0,17.0,10.0
2018-02-12,US,Jacksonville,o3,48,1.0,10.0,7.0
2018-03-01,US,Jacksonville,o3,46,6.0,16.0,12.0
2018-03-11,US,Jacksonville,o3,48,0.0,25.0,16.0
2018-04-26,US,Jacksonville,o3,48,1.0,27.0,17.0
2018-01-29,US,Jacksonville,o3,48,3.0,15.0,11.0
2018-03-21,US,Jacksonville,o3,42,11.0,21.0,18.0
2018-05-01,US,Jacksonville,o3,45,2.0,25.0,16.0
2018-06-26,US,Jacksonville,o3,120,1.0,21.0,8.0
2018-01-01,US,Jacksonville,o3,48,8.0,16.0,12.0
2018-02-11,US,Jacksonville,o3,48,6.0,15.0,9.0
2018-04-11,US,Jacksonville,o3,47,5.0,23.0,11.0
2018-05-12,US,Jacksonville,o3,48,2.0,28.0,17.0
2018-05-17,US,Jacksonville,o3,144,6.0,15.0,10.0
2018-03-29,US,Jacksonville,o3,45,11.0,23.0,17.0
2018-01-08,US,Jacksonville,o3,42,1.0,16.0,11.0
2018-01-19,US,Jacksonville,o3,42,0.0,21.0,8.0
2018-02-07,US,Jacksonville,o3,46,5.0,19.0,15.0
2018-02-17,US,Jacksonville,o3,48,4.0,17.0,7.0
2018-03-08,US,Jacksonville,o3,44,8.0,21.0,14.0
2018-03-10,US,Jacksonville,o3,48,3.0,29.0,16.0
2018-03-15,US,Jacksonville,o3,48,3.0,25.0,17.0
2018-07-01,US,Jacksonville,o3,120,1.0,15.0,8.0
