Date,Country,City,Specie,count,min (ug/m3),max (ug/m3),median (ug/m3)
2020-01-26,US,Houston,pm25,96,0.9,23.5,6.4
2020-02-14,US,Houston,pm25,72,1.2,17.8,4.5
2020-05-09,US,Houston,pm25,120,0.9,18.2,5.2
2020-05-14,US,Houston,pm25,120,1.6,22.5,7.9
2020-05-23,US,Houston,pm25,118,5.0,15.9,10.0
2020-04-25,US,Houston,pm25,118,1.2,15.9,9.1
2020-05-10,US,Houston,pm25,120,1.2,12.5,6.2
2020-05-20,US,Houston,pm25,120,8.1,24.4,15.9
2020-07-04,US,Houston,pm25,118,4.8,59.3,16.8
2020-01-30,US,Houston,pm25,96,1.2,12.0,6.7
2020-02-09,US,Houston,pm25,72,2.6,14.0,7.2
2020-02-26,US,Houston,pm25,72,0.7,8.1,4.0
2020-03-11,US,Houston,pm25,116,2.1,12.5,8.1
2020-06-03,US,Houston,pm25,116,1.4,20.6,9.1
2020-06-24,US,Houston,pm25,118,0.7,11.5,5.0
2020-01-08,US,Houston,pm25,72,2.4,27.3,6.0
2020-02-05,US,Houston,pm25,61,0.2,23.0,6.0
2020-02-22,US,Houston,pm25,104,2.6,17.8,8.1
2020-06-21,US,Houston,pm25,116,2.1,10.0,5.7
2020-04-20,US,Houston,pm25,120,3.1,33.9,12.1
2020-04-27,US,Houston,pm25,118,3.6,25.8,8.6
2020-01-25,US,Houston,pm25,96,1.2,28.2,6.9
2020-02-28,US,Houston,pm25,50,2.1,15.4,5.5
2020-03-04,US,Houston,pm25,116,0.4,23.9,7.2
2020-03-26,US,Houston,pm25,96,8.1,17.8,14.0
2020-04-06,US,Houston,pm25,116,5.2,22.0,10.3
2020-04-11,US,Houston,pm25,120,3.1,13.0,7.9
2020-05-12,US,Houston,pm25,120,5.0,28.2,8.1
2020-06-11,US,Houston,pm25,106,2.4,23.0,10.3
2020-02-27,US,Houston,pm25,72,0.9,15.9,5.7
2020-03-10,US,Houston,pm25,120,4.8,23.9,9.1
2020-03-17,US,Houston,pm25,120,2.1,21.1,7.4
2020-03-20,US,Houston,pm25,118,0.2,14.0,7.2
2020-03-30,US,Houston,pm25,120,4.0,20.1,11.0
2020-05-06,US,Houston,pm25,88,0.4,12.5,5.0
2020-06-18,US,Houston,pm25,120,2.1,16.3,8.1
2020-03-23,US,Houston,pm25,116,7.2,22.0,11.0
2020-04-15,US,Houston,pm25,72,2.1,34.9,6.0
2020-04-19,US,Houston,pm25,120,3.6,34.9,14.0
2020-06-06,US,Houston,pm25,118,4.0,15.9,9.1
2020-06-12,US,Houston,pm25,120,4.0,13.0,8.1
2020-06-13,US,Houston,pm25,120,2.4,14.0,9.1
2020-01-04,US,Houston,pm25,94,0.7,32.5,5.0
2020-01-06,US,Houston,pm25,82,0.4,18.7,6.9
2020-01-15,US,Houston,pm25,96,4.0,15.4,8.6
2020-04-03,US,Houston,pm25,118,1.9,14.0,8.8
2020-07-01,US,Houston,pm25,113,7.4,31.5,23.0
2020-03-22,US,Houston,pm25,120,0.4,18.7,11.0
2020-04-28,US,Houston,pm25,120,5.0,23.9,13.5
2020-06-19,US,Houston,pm25,120,2.1,13.0,6.0
2020-06-23,US,Houston,pm25,116,2.1,20.6,8.8
2020-06-28,US,Houston,pm25,120,7.2,21.1,12.5
2020-01-02,US,Houston,pm25,95,2.1,24.9,6.0
2020-03-13,US,Houston,pm25,120,4.0,18.7,8.3
2020-04-21,US,Houston,pm25,118,1.2,17.8,9.1
2020-01-01,US,Houston,pm25,72,2.1,331.2,12.0
2020-01-20,US,Houston,pm25,96,0.4,16.8,5.7
2020-05-18,US,Houston,pm25,115,1.2,33.4,8.8
2020-06-08,US,Houston,pm25,120,3.1,16.3,8.1
2020-07-03,US,Houston,pm25,104,0.4,32.5,24.9
2020-07-07,US,Houston,pm25,68,4.0,33.0,11.2
2020-05-30,US,Houston,pm25,120,4.0,14.9,7.9
2020-06-17,US,Houston,pm25,120,3.1,16.8,9.3
2020-01-11,US,Houston,pm25,84,1.6,10.3,4.3
2020-02-06,US,Houston,pm25,96,0.4,12.5,5.2
2020-02-13,US,Houston,pm25,70,1.2,9.1,4.5
2020-02-18,US,Houston,pm25,72,2.4,21.1,13.0
2020-03-01,US,Houston,pm25,5,7.2,12.0,9.6
2020-04-08,US,Houston,pm25,114,8.3,37.5,18.2
2020-02-23,US,Houston,pm25,120,2.4,14.0,6.7
2020-05-16,US,Houston,pm25,108,0.4,10.0,3.6
2020-06-22,US,Houston,pm25,116,1.6,14.0,7.2
2020-01-19,US,Houston,pm25,89,0.2,23.9,2.4
2020-03-02,US,Houston,pm25,27,4.8,16.3,11.0
2020-03-29,US,Houston,pm25,92,0.7,14.9,7.2
2020-04-01,US,Houston,pm25,120,1.2,18.7,5.5
2020-04-26,US,Houston,pm25,120,2.6,28.2,7.6
2020-06-09,US,Houston,pm25,118,3.6,24.4,13.0
2020-05-13,US,Houston,pm25,118,1.4,14.4,6.7
2020-05-17,US,Houston,pm25,120,1.2,26.8,4.0
2020-01-05,US,Houston,pm25,94,0.2,21.1,6.7
2020-01-28,US,Houston,pm25,95,0.4,17.8,7.2
2020-01-29,US,Houston,pm25,92,0.2,8.1,3.1
2020-02-17,US,Houston,pm25,72,4.0,17.8,12.0
2020-03-15,US,Houston,pm25,120,4.0,13.0,9.1
2020-05-05,US,Houston,pm25,70,3.3,24.9,13.0
2020-05-19,US,Houston,pm25,115,0.2,27.3,12.0
2020-06-14,US,Houston,pm25,120,5.0,23.0,12.0
2020-01-14,US,Houston,pm25,96,1.4,14.0,8.3
2020-02-03,US,Houston,pm25,48,1.2,10.0,6.0
2020-02-16,US,Houston,pm25,72,3.1,26.8,8.6
2020-06-16,US,Houston,pm25,120,4.0,17.3,10.0
2020-01-16,US,Houston,pm25,96,2.1,25.8,8.8
2020-01-18,US,Houston,pm25,96,1.2,12.0,6.0
2020-02-12,US,Houston,pm25,69,0.4,18.7,4.8
2020-05-02,US,Houston,pm25,120,1.2,10.3,6.0
2020-05-26,US,Houston,pm25,118,1.2,14.9,5.5
2020-03-27,US,Houston,pm25,96,6.0,23.5,13.0
2020-03-31,US,Houston,pm25,114,0.4,14.9,6.7
2020-04-16,US,Houston,pm25,90,4.0,21.1,8.1
2020-05-27,US,Houston,pm25,116,0.9,30.1,8.1
2020-05-31,US,Houston,pm25,120,3.1,27.7,10.8
2020-06-02,US,Houston,pm25,120,5.0,22.5,13.5
2020-01-24,US,Houston,pm25,84,0.7,23.9,6.2
2020-02-08,US,Houston,pm25,94,2.1,29.2,8.6
2020-03-19,US,Houston,pm25,120,8.3,25.8,14.0
2020-04-14,US,Houston,pm25,72,2.1,14.0,5.0
2020-04-24,US,Houston,pm25,120,3.6,28.7,9.1
2020-04-30,US,Houston,pm25,111,1.9,20.6,6.0
2020-03-24,US,Houston,pm25,119,7.2,26.8,15.9
2020-04-04,US,Houston,pm25,118,0.4,14.9,4.0
2019-12-30,US,Houston,pm25,66,0.2,27.7,3.6
2020-01-21,US,Houston,pm25,96,2.6,23.9,7.9
2020-01-31,US,Houston,pm25,96,2.4,21.1,8.1
2020-02-04,US,Houston,pm25,47,2.6,20.1,12.0
2020-02-10,US,Houston,pm25,72,1.2,20.6,12.1
2020-03-16,US,Houston,pm25,120,3.1,27.3,9.1
2020-04-13,US,Houston,pm25,90,1.6,12.0,5.0
2020-06-04,US,Houston,pm25,114,2.1,24.9,8.1
2020-06-15,US,Houston,pm25,120,2.1,18.2,6.4
2020-03-08,US,Houston,pm25,120,3.1,14.4,6.0
2020-03-28,US,Houston,pm25,95,0.9,20.1,11.0
2020-04-02,US,Houston,pm25,118,0.4,12.1,6.4
2020-05-03,US,Houston,pm25,76,2.1,10.8,5.0
2020-05-07,US,Houston,pm25,120,2.6,17.8,9.1
2020-05-21,US,Houston,pm25,120,3.1,16.3,10.0
2020-06-29,US,Houston,pm25,120,12.5,22.0,17.3
2020-02-02,US,Houston,pm25,47,1.9,11.2,7.2
2020-02-25,US,Houston,pm25,92,1.6,22.0,7.2
2020-03-14,US,Houston,pm25,120,3.1,16.8,9.1
2020-04-12,US,Houston,pm25,120,1.2,35.9,13.0
2020-06-10,US,Houston,pm25,68,0.4,32.0,12.5
2020-01-12,US,Houston,pm25,96,3.1,20.6,7.4
2020-03-18,US,Houston,pm25,120,2.1,16.3,9.1
2020-03-21,US,Houston,pm25,116,0.7,9.1,4.0
2020-04-09,US,Houston,pm25,114,0.4,33.9,14.4
2020-05-25,US,Houston,pm25,114,0.4,8.1,4.0
2020-07-06,US,Houston,pm25,120,5.0,21.6,11.2
2020-01-03,US,Houston,pm25,88,0.4,16.8,7.9
2020-03-09,US,Houston,pm25,120,4.0,14.0,8.1
2020-04-10,US,Houston,pm25,120,1.9,14.4,7.2
2020-04-29,US,Houston,pm25,106,0.4,23.9,4.8
2020-05-11,US,Houston,pm25,120,1.9,15.9,8.8
2020-06-20,US,Houston,pm25,116,1.2,14.0,5.7
2020-01-10,US,Houston,pm25,94,2.1,13.0,8.6
2020-01-23,US,Houston,pm25,92,0.7,10.0,5.0
2020-02-24,US,Houston,pm25,120,0.7,15.9,6.0
2020-03-05,US,Houston,pm25,115,0.2,24.9,4.3
2020-03-07,US,Houston,pm25,120,3.6,28.2,8.3
2020-04-23,US,Houston,pm25,118,0.4,26.8,8.1
2020-05-04,US,Houston,pm25,72,3.1,22.0,9.1
2020-06-01,US,Houston,pm25,120,2.1,21.6,12.5
2020-01-09,US,Houston,pm25,82,3.1,14.4,7.9
2020-01-27,US,Houston,pm25,96,1.4,22.0,9.3
2020-02-01,US,Houston,pm25,80,0.2,33.0,8.1
2020-02-20,US,Houston,pm25,70,0.9,7.4,3.1
2020-02-21,US,Houston,pm25,72,1.4,11.0,5.5
2020-04-17,US,Houston,pm25,120,2.4,16.8,10.5
2020-06-07,US,Houston,pm25,116,2.1,13.0,6.2
2020-06-27,US,Houston,pm25,120,9.1,45.2,17.8
2020-07-02,US,Houston,pm25,111,7.4,148.4,32.0
2020-02-07,US,Houston,pm25,96,2.1,26.8,9.3
2020-02-19,US,Houston,pm25,70,0.7,8.1,3.1
2020-03-06,US,Houston,pm25,120,0.4,19.2,8.1
2020-03-25,US,Houston,pm25,101,6.9,28.7,15.4
2020-04-05,US,Houston,pm25,120,2.4,22.0,11.5
2020-05-24,US,Houston,pm25,116,0.4,14.0,8.1
2019-12-31,US,Houston,pm25,64,0.4,144.5,6.0
2020-01-07,US,Houston,pm25,70,0.7,29.2,5.7
2020-02-11,US,Houston,pm25,67,0.7,8.1,3.1
2020-03-12,US,Houston,pm25,120,2.1,13.0,7.2
2020-04-22,US,Houston,pm25,120,2.1,30.6,17.3
2020-03-03,US,Houston,pm25,86,6.9,28.2,12.5
2020-05-15,US,Houston,pm25,116,1.2,18.7,7.2
2020-06-05,US,Houston,pm25,118,2.1,29.2,8.6
2020-06-26,US,Houston,pm25,120,10.0,88.4,46.8
2020-01-22,US,Houston,pm25,95,1.2,38.7,6.0
2020-02-15,US,Houston,pm25,72,3.8,22.0,8.1
2020-04-07,US,Houston,pm25,120,4.8,22.0,12.5
2020-05-22,US,Houston,pm25,120,5.0,21.1,12.0
2020-07-05,US,Houston,pm25,120,5.0,72.9,13.0
2020-01-17,US,Houston,pm25,96,3.8,14.9,9.6
2020-05-01,US,Houston,pm25,110,2.1,15.9,6.9
2020-05-29,US,Houston,pm25,120,1.9,20.1,6.2
2020-01-13,US,Houston,pm25,96,5.0,15.9,9.1
2020-04-18,US,Houston,pm25,120,3.6,23.0,9.1
2020-05-08,US,Houston,pm25,120,1.2,23.0,9.1
2020-05-28,US,Houston,pm25,118,1.2,14.0,7.6
2020-06-25,US,Houston,pm25,120,3.1,30.6,11.5
2020-06-30,US,Houston,pm25,120,15.4,33.0,22.0
2020-02-20,US,Los Angeles,pm25,48,7.4,37.9,21.1
2020-03-12,US,Los Angeles,pm25,72,1.4,16.3,6.9
2020-03-25,US,Los Angeles,pm25,63,0.2,9.3,3.3
2020-03-26,US,Los Angeles,pm25,68,1.2,18.2,4.0
2020-04-06,US,Los Angeles,pm25,46,0.7,5.7,2.8
2020-04-18,US,Los Angeles,pm25,16,3.1,7.2,5.0
2020-01-07,US,Los Angeles,pm25,116,2.1,15.9,6.0
2020-02-04,US,Los Angeles,pm25,72,0.9,13.0,6.2
2020-04-20,US,Los Angeles,pm25,22,4.0,11.0,7.2
2020-03-23,US,Los Angeles,pm25,60,0.9,8.8,3.3
2020-06-02,US,Los Angeles,pm25,72,6.7,22.0,13.0
2020-06-26,US,Los Angeles,pm25,72,4.0,25.4,10.0
2020-02-26,US,Los Angeles,pm25,69,0.2,23.0,12.0
2020-02-28,US,Los Angeles,pm25,72,1.9,24.9,8.1
2020-02-17,US,Los Angeles,pm25,48,10.8,38.3,19.7
2020-02-22,US,Los Angeles,pm25,47,1.9,15.9,8.1
2020-05-12,US,Los Angeles,pm25,68,1.9,12.1,7.6
2020-07-03,US,Los Angeles,pm25,72,5.7,23.9,11.0
2020-01-02,US,Los Angeles,pm25,118,7.2,28.2,16.8
2020-01-14,US,Los Angeles,pm25,72,9.1,36.3,22.5
2020-06-23,US,Los Angeles,pm25,64,6.0,31.1,11.0
2020-01-13,US,Los Angeles,pm25,72,7.2,33.9,17.8
2020-05-18,US,Los Angeles,pm25,65,0.7,8.3,3.6
2020-03-27,US,Los Angeles,pm25,70,0.7,12.1,6.2
2020-05-06,US,Los Angeles,pm25,72,6.0,25.8,14.9
2020-05-15,US,Los Angeles,pm25,72,6.4,21.6,9.8
2020-06-10,US,Los Angeles,pm25,71,4.0,21.6,10.3
2020-06-21,US,Los Angeles,pm25,44,5.0,18.7,11.7
2020-01-25,US,Los Angeles,pm25,72,9.1,52.5,22.0
2020-02-11,US,Los Angeles,pm25,48,2.1,20.1,8.1
2020-01-31,US,Los Angeles,pm25,68,1.4,27.7,11.0
2020-02-09,US,Los Angeles,pm25,48,3.1,23.0,10.0
2020-02-19,US,Los Angeles,pm25,47,11.2,33.9,21.1
2020-03-16,US,Los Angeles,pm25,66,1.9,13.0,7.2
2020-05-25,US,Los Angeles,pm25,72,10.0,30.1,17.3
2020-01-22,US,Los Angeles,pm25,72,6.0,25.8,11.0
2020-01-30,US,Los Angeles,pm25,72,4.0,35.5,10.3
2020-02-03,US,Los Angeles,pm25,66,1.2,12.5,5.5
2020-03-09,US,Los Angeles,pm25,72,0.9,20.6,7.2
2020-03-22,US,Los Angeles,pm25,66,0.4,12.5,6.2
2020-04-07,US,Los Angeles,pm25,53,0.7,11.2,4.0
2020-04-17,US,Los Angeles,pm25,41,1.2,13.0,9.1
2020-05-05,US,Los Angeles,pm25,72,7.2,26.3,14.0
2020-01-06,US,Los Angeles,pm25,114,1.2,39.9,11.0
2020-01-28,US,Los Angeles,pm25,70,3.1,25.8,11.5
2020-06-28,US,Los Angeles,pm25,70,0.9,11.0,3.6
2020-03-02,US,Los Angeles,pm25,38,4.0,18.7,8.1
2020-03-10,US,Los Angeles,pm25,72,0.2,8.8,4.0
2020-06-15,US,Los Angeles,pm25,24,7.2,16.8,10.0
2020-01-08,US,Los Angeles,pm25,72,5.2,21.1,12.0
2020-04-11,US,Los Angeles,pm25,70,1.4,10.0,6.9
2020-04-12,US,Los Angeles,pm25,68,1.2,12.0,6.9
2020-06-09,US,Los Angeles,pm25,70,1.2,16.8,6.0
2020-06-30,US,Los Angeles,pm25,72,4.0,21.6,10.0
2019-12-30,US,Los Angeles,pm25,48,1.2,27.3,10.0
2020-04-09,US,Los Angeles,pm25,65,1.2,9.8,4.0
2020-03-31,US,Los Angeles,pm25,71,6.0,22.0,10.0
2020-04-10,US,Los Angeles,pm25,57,0.2,12.1,2.4
2020-04-16,US,Los Angeles,pm25,72,6.0,20.1,10.5
2020-04-27,US,Los Angeles,pm25,24,12.0,21.1,15.9
2020-05-26,US,Los Angeles,pm25,72,7.2,30.6,14.9
2020-06-07,US,Los Angeles,pm25,71,3.1,16.8,9.8
2020-01-05,US,Los Angeles,pm25,120,5.7,44.8,16.8
2020-01-10,US,Los Angeles,pm25,70,0.9,22.5,13.0
2020-06-20,US,Los Angeles,pm25,60,4.0,18.2,11.7
2020-06-22,US,Los Angeles,pm25,36,5.0,23.9,11.7
2020-07-01,US,Los Angeles,pm25,72,4.3,18.7,10.0
2020-01-09,US,Los Angeles,pm25,66,1.9,20.1,10.0
2020-03-04,US,Los Angeles,pm25,72,8.6,22.5,14.0
2020-03-21,US,Los Angeles,pm25,67,1.4,33.0,5.2
2020-04-02,US,Los Angeles,pm25,72,5.5,14.9,11.0
2020-04-25,US,Los Angeles,pm25,23,9.1,18.7,14.9
2020-05-24,US,Los Angeles,pm25,72,10.0,24.4,16.8
2020-06-17,US,Los Angeles,pm25,72,4.3,16.8,10.0
2020-02-06,US,Los Angeles,pm25,66,3.6,22.0,12.5
2020-03-06,US,Los Angeles,pm25,72,4.3,35.9,13.5
2020-02-15,US,Los Angeles,pm25,48,8.6,37.5,17.8
2020-02-27,US,Los Angeles,pm25,66,2.1,25.4,11.0
2020-03-14,US,Los Angeles,pm25,68,0.9,12.0,4.3
2020-06-14,US,Los Angeles,pm25,24,3.1,16.8,9.1
2020-01-21,US,Los Angeles,pm25,72,1.9,15.9,8.1
2020-01-29,US,Los Angeles,pm25,70,2.1,23.9,10.0
2020-04-24,US,Los Angeles,pm25,40,5.7,20.1,9.8
2020-05-07,US,Los Angeles,pm25,71,8.6,26.8,15.4
2020-05-22,US,Los Angeles,pm25,71,6.0,17.8,13.0
2020-02-25,US,Los Angeles,pm25,72,6.0,33.4,13.0
2020-03-29,US,Los Angeles,pm25,69,2.8,17.8,10.0
2020-06-19,US,Los Angeles,pm25,72,3.3,20.6,10.8
2019-12-31,US,Los Angeles,pm25,46,0.4,67.1,12.1
2020-01-19,US,Los Angeles,pm25,72,1.2,36.3,12.0
2020-03-24,US,Los Angeles,pm25,68,2.1,9.6,6.0
2020-04-22,US,Los Angeles,pm25,72,2.1,18.2,12.0
2020-04-29,US,Los Angeles,pm25,72,8.3,37.9,12.5
2020-06-08,US,Los Angeles,pm25,66,1.2,19.7,7.2
2020-07-04,US,Los Angeles,pm25,72,6.0,509.4410135746607,14.0
2020-01-26,US,Los Angeles,pm25,72,9.8,55.5,18.2
2020-03-20,US,Los Angeles,pm25,62,0.2,14.9,6.0
2020-03-08,US,Los Angeles,pm25,66,0.4,11.7,4.0
2020-05-10,US,Los Angeles,pm25,70,8.1,22.0,13.5
2020-06-04,US,Los Angeles,pm25,72,7.2,20.1,13.5
2020-06-27,US,Los Angeles,pm25,72,5.2,26.8,10.0
2020-07-02,US,Los Angeles,pm25,69,5.5,19.7,11.0
2020-01-17,US,Los Angeles,pm25,72,2.1,19.2,7.2
2020-01-24,US,Los Angeles,pm25,72,7.2,29.6,14.0
2020-05-01,US,Los Angeles,pm25,72,9.1,23.0,12.1
2020-05-17,US,Los Angeles,pm25,72,2.4,17.3,11.0
2020-06-11,US,Los Angeles,pm25,72,6.0,20.1,11.0
2020-01-20,US,Los Angeles,pm25,72,3.6,39.1,16.8
2020-03-01,US,Los Angeles,pm25,72,0.9,14.0,9.1
2020-02-08,US,Los Angeles,pm25,68,8.1,43.6,21.6
2020-02-13,US,Los Angeles,pm25,48,6.0,40.3,14.9
2020-05-23,US,Los Angeles,pm25,72,7.2,21.1,12.5
2020-01-16,US,Los Angeles,pm25,72,0.7,67.1,25.8
2020-01-23,US,Los Angeles,pm25,72,4.0,28.7,14.9
2020-04-03,US,Los Angeles,pm25,57,6.2,19.2,10.8
2020-04-13,US,Los Angeles,pm25,72,1.2,8.6,5.2
2020-05-03,US,Los Angeles,pm25,72,3.1,16.8,10.5
2020-05-04,US,Los Angeles,pm25,72,9.6,22.0,12.5
2020-06-25,US,Los Angeles,pm25,72,0.7,18.7,7.6
2020-01-03,US,Los Angeles,pm25,120,7.2,37.1,17.8
2020-02-10,US,Los Angeles,pm25,47,3.1,20.6,9.1
2020-03-03,US,Los Angeles,pm25,50,1.2,20.1,7.6
2020-03-19,US,Los Angeles,pm25,64,1.2,11.0,5.0
2020-04-01,US,Los Angeles,pm25,72,4.8,16.8,9.3
2020-04-15,US,Los Angeles,pm25,66,5.0,23.0,10.5
2020-05-20,US,Los Angeles,pm25,72,2.1,18.7,8.1
2020-05-21,US,Los Angeles,pm25,72,6.4,25.4,11.5
2020-01-27,US,Los Angeles,pm25,72,5.5,42.8,23.9
2020-02-14,US,Los Angeles,pm25,48,6.2,34.9,14.9
2020-05-28,US,Los Angeles,pm25,71,2.1,21.6,11.0
2020-03-15,US,Los Angeles,pm25,72,1.2,10.5,5.5
2020-05-09,US,Los Angeles,pm25,71,12.5,33.0,18.7
2020-05-31,US,Los Angeles,pm25,72,3.1,22.5,8.1
2020-06-03,US,Los Angeles,pm25,70,11.0,23.9,14.9
2020-01-18,US,Los Angeles,pm25,72,2.6,33.4,10.5
2020-02-01,US,Los Angeles,pm25,72,4.0,24.9,10.3
2020-03-28,US,Los Angeles,pm25,72,4.0,13.0,8.3
2020-04-23,US,Los Angeles,pm25,72,6.0,23.0,11.0
2020-04-30,US,Los Angeles,pm25,72,6.0,29.2,16.8
2020-05-19,US,Los Angeles,pm25,69,0.4,16.3,6.7
2020-05-30,US,Los Angeles,pm25,71,2.1,19.7,6.0
2020-06-13,US,Los Angeles,pm25,36,4.0,14.0,10.0
2020-01-15,US,Los Angeles,pm25,72,14.0,57.4,32.5
2020-02-07,US,Los Angeles,pm25,69,3.6,47.6,19.2
2020-02-24,US,Los Angeles,pm25,68,6.7,24.9,14.4
2020-03-17,US,Los Angeles,pm25,70,0.7,17.8,5.0
2020-05-14,US,Los Angeles,pm25,72,4.0,18.7,9.8
2020-05-16,US,Los Angeles,pm25,70,5.0,17.8,10.8
2020-07-05,US,Los Angeles,pm25,69,6.9,542.7539909502262,19.2
2020-02-12,US,Los Angeles,pm25,48,7.2,22.0,11.0
2020-02-18,US,Los Angeles,pm25,48,8.1,29.2,15.9
2020-03-11,US,Los Angeles,pm25,68,1.2,10.0,4.8
2020-05-29,US,Los Angeles,pm25,68,0.4,16.8,4.8
2020-07-06,US,Los Angeles,pm25,72,10.8,30.1,14.4
2020-01-01,US,Los Angeles,pm25,48,5.0,101.9,16.8
2020-02-23,US,Los Angeles,pm25,48,6.0,14.9,11.0
2020-04-04,US,Los Angeles,pm25,48,6.0,14.9,10.0
2020-04-14,US,Los Angeles,pm25,71,3.1,16.3,9.8
2020-04-28,US,Los Angeles,pm25,50,11.2,29.2,14.4
2020-05-02,US,Los Angeles,pm25,72,0.7,18.7,10.3
2020-06-18,US,Los Angeles,pm25,66,6.2,17.3,10.3
2020-01-04,US,Los Angeles,pm25,120,6.0,48.4,20.1
2020-01-12,US,Los Angeles,pm25,72,6.7,29.2,17.3
2020-03-30,US,Los Angeles,pm25,71,1.9,13.0,9.3
2020-04-19,US,Los Angeles,pm25,23,1.2,7.2,5.0
2020-04-21,US,Los Angeles,pm25,48,4.0,14.0,8.1
2020-04-26,US,Los Angeles,pm25,21,11.0,21.1,16.8
2020-06-01,US,Los Angeles,pm25,72,5.0,22.5,9.6
2020-06-24,US,Los Angeles,pm25,66,3.6,31.1,11.0
2020-02-05,US,Los Angeles,pm25,72,1.2,26.8,7.2
2020-03-07,US,Los Angeles,pm25,58,0.7,15.9,4.8
2020-03-13,US,Los Angeles,pm25,71,0.2,15.9,7.2
2020-05-13,US,Los Angeles,pm25,69,1.9,14.0,6.9
2020-03-05,US,Los Angeles,pm25,64,7.2,47.6,17.8
2020-03-18,US,Los Angeles,pm25,72,0.4,20.6,7.2
2020-04-05,US,Los Angeles,pm25,38,0.2,8.8,4.0
2020-04-08,US,Los Angeles,pm25,63,1.2,14.0,5.2
2020-05-08,US,Los Angeles,pm25,63,10.0,32.0,16.8
2020-05-11,US,Los Angeles,pm25,72,6.0,14.0,10.8
2020-01-11,US,Los Angeles,pm25,72,2.4,32.0,16.8
2020-02-02,US,Los Angeles,pm25,72,4.0,34.9,14.9
2020-02-29,US,Los Angeles,pm25,72,3.3,17.3,10.0
2020-05-27,US,Los Angeles,pm25,72,6.2,30.1,13.0
2020-06-05,US,Los Angeles,pm25,72,3.1,11.0,7.6
2020-06-06,US,Los Angeles,pm25,70,3.6,11.5,7.4
2020-06-12,US,Los Angeles,pm25,72,5.0,16.8,10.0
2020-06-16,US,Los Angeles,pm25,44,2.8,18.7,9.6
2020-02-16,US,Los Angeles,pm25,48,9.6,30.1,17.8
2020-02-21,US,Los Angeles,pm25,48,5.0,39.5,13.0
2020-06-29,US,Los Angeles,pm25,68,0.9,14.9,7.4
2020-07-07,US,Los Angeles,pm25,31,13.0,28.2,16.8
2020-02-05,US,Manhattan,pm25,71,1.2,16.8,5.0
2020-02-29,US,Manhattan,pm25,45,0.2,9.1,4.3
2020-03-12,US,Manhattan,pm25,66,3.6,18.7,9.1
2020-05-27,US,Manhattan,pm25,38,0.4,8.1,2.6
2020-07-07,US,Manhattan,pm25,42,2.4,19.7,5.7
2020-01-07,US,Manhattan,pm25,72,3.1,21.6,9.6
2020-02-03,US,Manhattan,pm25,83,3.3,17.3,10.3
2020-03-19,US,Manhattan,pm25,70,1.2,20.6,4.3
2020-01-10,US,Manhattan,pm25,71,5.0,25.4,10.5
2020-02-07,US,Manhattan,pm25,80,0.7,31.5,8.1
2020-05-16,US,Manhattan,pm25,33,0.2,19.2,3.6
2020-05-23,US,Manhattan,pm25,39,0.4,7.4,3.3
2020-06-12,US,Manhattan,pm25,26,0.2,6.0,1.9
2020-02-16,US,Manhattan,pm25,71,2.4,22.5,8.6
2020-05-17,US,Manhattan,pm25,43,0.2,9.1,1.9
2020-06-02,US,Manhattan,pm25,48,0.2,7.4,2.6
2020-07-05,US,Manhattan,pm25,71,0.4,69.0,17.8
2020-01-02,US,Manhattan,pm25,71,6.0,34.9,10.8
2020-01-08,US,Manhattan,pm25,69,1.2,19.7,10.3
2020-01-22,US,Manhattan,pm25,70,1.2,26.8,10.5
2020-03-22,US,Manhattan,pm25,68,2.1,36.7,6.0
2020-04-21,US,Manhattan,pm25,22,0.4,13.0,5.2
2020-05-03,US,Manhattan,pm25,44,1.9,20.1,7.2
2020-05-09,US,Manhattan,pm25,33,0.4,7.9,1.4
2020-04-01,US,Manhattan,pm25,72,1.2,7.6,4.5
2020-01-04,US,Manhattan,pm25,68,4.3,30.6,14.4
2020-01-23,US,Manhattan,pm25,72,7.4,88.4,16.8
2020-01-31,US,Manhattan,pm25,48,7.9,17.3,12.0
2020-02-02,US,Manhattan,pm25,48,2.6,15.9,9.6
2020-02-20,US,Manhattan,pm25,70,0.2,17.3,4.8
2020-03-25,US,Manhattan,pm25,71,0.2,15.9,5.2
2020-03-30,US,Manhattan,pm25,68,0.2,13.0,5.5
2020-04-11,US,Manhattan,pm25,72,0.2,13.0,3.6
2020-04-13,US,Manhattan,pm25,60,1.2,17.3,4.0
2020-06-03,US,Manhattan,pm25,48,1.9,14.4,7.4
2020-06-23,US,Manhattan,pm25,71,3.8,20.1,9.6
2020-01-01,US,Manhattan,pm25,65,0.2,15.9,6.4
2020-01-30,US,Manhattan,pm25,55,0.4,15.9,6.9
2020-03-05,US,Manhattan,pm25,65,0.4,18.7,5.5
2020-06-22,US,Manhattan,pm25,70,0.7,15.9,5.2
2020-06-27,US,Manhattan,pm25,71,3.1,42.8,13.5
2020-02-13,US,Manhattan,pm25,68,0.7,32.5,7.4
2020-02-19,US,Manhattan,pm25,65,1.9,29.6,6.0
2020-03-09,US,Manhattan,pm25,66,0.2,35.5,9.6
2020-03-23,US,Manhattan,pm25,61,0.2,8.8,4.0
2020-04-30,US,Manhattan,pm25,44,0.4,8.1,5.5
2020-05-22,US,Manhattan,pm25,48,0.9,12.0,6.0
2020-06-04,US,Manhattan,pm25,48,0.9,14.0,6.7
2020-06-30,US,Manhattan,pm25,49,0.2,14.0,2.8
2020-01-12,US,Manhattan,pm25,65,1.2,21.6,7.9
2020-01-19,US,Manhattan,pm25,67,0.2,13.5,8.1
2020-02-24,US,Manhattan,pm25,58,1.9,44.0,14.4
2020-03-15,US,Manhattan,pm25,65,1.2,17.8,4.8
2020-04-29,US,Manhattan,pm25,48,1.9,10.8,5.5
2020-06-13,US,Manhattan,pm25,9,0.2,3.6,0.9
2020-06-10,US,Manhattan,pm25,45,0.2,15.9,6.7
2020-01-17,US,Manhattan,pm25,59,1.2,10.8,6.7
2020-01-24,US,Manhattan,pm25,72,5.2,59.3,21.6
2020-03-06,US,Manhattan,pm25,72,0.2,20.1,6.2
2020-03-29,US,Manhattan,pm25,60,0.4,7.9,2.8
2020-04-10,US,Manhattan,pm25,66,0.2,7.4,2.6
2020-05-05,US,Manhattan,pm25,37,0.4,13.0,2.1
2020-05-15,US,Manhattan,pm25,48,0.9,24.9,9.8
2020-06-24,US,Manhattan,pm25,56,0.2,25.8,6.9
2020-01-20,US,Manhattan,pm25,66,1.2,16.8,6.9
2020-02-28,US,Manhattan,pm25,47,1.2,25.4,5.2
2020-05-14,US,Manhattan,pm25,46,0.2,11.0,5.5
2019-12-31,US,Manhattan,pm25,71,1.2,22.5,6.0
2020-02-08,US,Manhattan,pm25,93,0.2,15.9,7.9
2020-03-03,US,Manhattan,pm25,55,2.4,32.0,12.0
2020-05-02,US,Manhattan,pm25,43,0.4,10.0,2.4
2020-05-21,US,Manhattan,pm25,44,0.2,13.5,5.7
2020-05-25,US,Manhattan,pm25,48,0.9,9.1,4.3
2020-05-30,US,Manhattan,pm25,33,0.2,10.8,3.1
2020-04-24,US,Manhattan,pm25,45,0.2,10.3,5.0
2020-06-08,US,Manhattan,pm25,35,0.2,10.8,1.9
2020-06-14,US,Manhattan,pm25,24,0.2,4.5,2.6
2020-06-25,US,Manhattan,pm25,65,0.9,15.9,7.4
2020-01-06,US,Manhattan,pm25,72,2.1,19.7,9.1
2020-03-14,US,Manhattan,pm25,67,1.2,18.7,4.8
2020-03-31,US,Manhattan,pm25,61,0.2,11.5,3.6
2020-04-09,US,Manhattan,pm25,67,0.7,10.8,4.0
2020-04-16,US,Manhattan,pm25,45,0.2,10.8,4.8
2020-04-19,US,Manhattan,pm25,48,4.0,11.5,6.7
2020-05-26,US,Manhattan,pm25,37,1.2,16.8,6.7
2020-01-29,US,Manhattan,pm25,66,0.2,15.4,5.5
2020-02-25,US,Manhattan,pm25,62,6.0,29.6,12.5
2020-04-02,US,Manhattan,pm25,68,0.2,7.4,3.1
2020-05-06,US,Manhattan,pm25,44,0.4,14.4,4.0
2020-01-13,US,Manhattan,pm25,70,1.2,20.1,9.6
2020-02-12,US,Manhattan,pm25,69,2.1,17.3,8.3
2020-02-15,US,Manhattan,pm25,70,0.7,16.8,6.0
2020-03-11,US,Manhattan,pm25,44,0.2,14.4,5.0
2020-03-24,US,Manhattan,pm25,66,0.4,18.7,3.6
2020-06-09,US,Manhattan,pm25,39,0.7,15.9,7.2
2020-06-18,US,Manhattan,pm25,38,0.4,14.9,4.8
2020-04-18,US,Manhattan,pm25,44,0.2,9.8,3.8
2019-12-30,US,Manhattan,pm25,59,0.7,21.1,3.8
2020-03-04,US,Manhattan,pm25,68,0.2,25.4,4.5
2020-03-08,US,Manhattan,pm25,49,1.2,17.8,5.0
2020-03-27,US,Manhattan,pm25,69,0.7,14.0,7.2
2020-04-04,US,Manhattan,pm25,70,0.2,7.9,2.8
2020-04-06,US,Manhattan,pm25,63,0.2,18.7,3.6
2020-04-17,US,Manhattan,pm25,47,0.9,9.8,3.8
2020-05-19,US,Manhattan,pm25,43,0.4,9.1,4.3
2020-02-21,US,Manhattan,pm25,63,0.2,16.8,5.0
2020-02-26,US,Manhattan,pm25,47,0.7,25.8,8.8
2020-03-02,US,Manhattan,pm25,48,4.8,20.6,9.6
2020-04-23,US,Manhattan,pm25,24,2.4,9.3,6.2
2020-05-20,US,Manhattan,pm25,41,0.4,7.2,2.6
2020-06-11,US,Manhattan,pm25,48,0.7,11.2,6.2
2020-04-14,US,Manhattan,pm25,45,0.2,9.8,3.1
2020-04-26,US,Manhattan,pm25,44,0.7,7.2,3.6
2020-05-13,US,Manhattan,pm25,40,0.2,10.0,2.6
2020-03-16,US,Manhattan,pm25,69,0.2,20.1,5.0
2020-03-18,US,Manhattan,pm25,64,0.7,32.5,6.7
2020-04-27,US,Manhattan,pm25,37,0.4,6.2,1.2
2020-05-10,US,Manhattan,pm25,45,0.2,9.3,3.1
2020-07-04,US,Manhattan,pm25,68,0.4,86.4,5.7
2020-02-09,US,Manhattan,pm25,72,0.4,19.7,9.1
2020-02-14,US,Manhattan,pm25,57,2.1,11.2,6.7
2020-03-20,US,Manhattan,pm25,69,1.2,39.1,9.1
2020-04-12,US,Manhattan,pm25,72,3.8,15.4,9.3
2020-05-01,US,Manhattan,pm25,33,0.2,4.3,2.8
2020-05-24,US,Manhattan,pm25,46,1.2,9.1,5.7
2020-06-01,US,Manhattan,pm25,32,0.2,5.2,1.9
2020-06-20,US,Manhattan,pm25,72,2.1,18.2,7.9
2020-01-03,US,Manhattan,pm25,72,10.8,30.6,16.3
2020-01-11,US,Manhattan,pm25,71,3.1,28.7,11.0
2020-01-14,US,Manhattan,pm25,72,1.4,24.9,12.1
2020-01-26,US,Manhattan,pm25,72,0.2,17.3,5.2
2020-02-06,US,Manhattan,pm25,78,0.2,14.9,5.5
2020-04-03,US,Manhattan,pm25,70,0.2,5.5,2.6
2020-06-16,US,Manhattan,pm25,40,0.7,7.2,2.4
2020-07-03,US,Manhattan,pm25,72,0.7,26.8,10.8
2020-02-11,US,Manhattan,pm25,67,1.2,25.8,7.6
2020-03-10,US,Manhattan,pm25,58,3.1,23.9,9.8
2020-03-26,US,Manhattan,pm25,51,0.7,10.8,6.7
2020-05-18,US,Manhattan,pm25,48,0.7,11.2,3.1
2020-05-29,US,Manhattan,pm25,44,0.2,8.8,3.1
2020-01-09,US,Manhattan,pm25,69,0.2,15.9,8.3
2020-04-08,US,Manhattan,pm25,72,1.6,18.7,7.9
2020-07-01,US,Manhattan,pm25,58,0.2,20.1,5.5
2020-01-28,US,Manhattan,pm25,67,1.2,10.8,4.8
2020-06-05,US,Manhattan,pm25,47,3.3,14.9,7.4
2020-06-19,US,Manhattan,pm25,61,0.2,16.3,4.0
2020-01-15,US,Manhattan,pm25,72,1.2,25.8,12.0
2020-03-01,US,Manhattan,pm25,63,0.2,26.8,5.7
2020-03-28,US,Manhattan,pm25,72,2.1,9.8,6.2
2020-04-28,US,Manhattan,pm25,42,0.2,13.0,2.6
2020-05-12,US,Manhattan,pm25,34,0.2,9.8,1.6
2020-05-28,US,Manhattan,pm25,46,0.4,7.2,3.6
2020-07-06,US,Manhattan,pm25,69,0.7,26.3,12.0
2020-01-05,US,Manhattan,pm25,58,0.9,16.3,7.4
2020-03-13,US,Manhattan,pm25,59,0.7,23.9,5.7
2020-04-15,US,Manhattan,pm25,47,0.2,9.3,3.3
2020-04-20,US,Manhattan,pm25,30,1.4,9.3,6.2
2020-06-21,US,Manhattan,pm25,68,0.2,19.7,6.4
2020-06-17,US,Manhattan,pm25,47,0.4,12.5,3.1
2020-01-16,US,Manhattan,pm25,59,2.1,30.1,8.8
2020-01-21,US,Manhattan,pm25,72,0.2,19.7,7.4
2020-01-27,US,Manhattan,pm25,70,1.2,12.0,6.9
2020-02-23,US,Manhattan,pm25,46,3.8,31.5,9.3
2020-03-21,US,Manhattan,pm25,63,0.7,20.1,3.8
2020-04-25,US,Manhattan,pm25,47,1.2,12.5,7.2
2020-06-07,US,Manhattan,pm25,34,0.2,5.2,2.4
2020-06-29,US,Manhattan,pm25,68,0.2,24.9,6.0
2020-05-04,US,Manhattan,pm25,45,0.2,17.3,3.6
2020-01-25,US,Manhattan,pm25,68,0.2,23.9,7.2
2020-02-04,US,Manhattan,pm25,96,8.1,42.4,14.0
2020-02-10,US,Manhattan,pm25,50,4.8,18.7,10.0
2020-02-18,US,Manhattan,pm25,72,4.0,22.0,9.1
2020-02-27,US,Manhattan,pm25,34,0.9,7.9,3.3
2020-03-17,US,Manhattan,pm25,71,0.2,23.5,6.0
2020-04-22,US,Manhattan,pm25,23,0.4,10.5,2.1
2020-05-07,US,Manhattan,pm25,39,0.7,10.0,3.1
2020-05-31,US,Manhattan,pm25,23,0.7,5.7,1.9
2020-06-26,US,Manhattan,pm25,67,0.2,23.5,8.8
2020-06-28,US,Manhattan,pm25,69,1.2,30.6,10.0
2020-01-18,US,Manhattan,pm25,71,0.2,16.8,6.0
2020-04-07,US,Manhattan,pm25,70,0.2,9.6,4.5
2020-05-08,US,Manhattan,pm25,40,0.4,8.1,3.1
2020-06-06,US,Manhattan,pm25,46,0.2,10.8,5.0
2020-06-15,US,Manhattan,pm25,39,0.7,6.2,3.1
2020-02-01,US,Manhattan,pm25,48,7.9,15.4,12.0
2020-02-17,US,Manhattan,pm25,70,2.6,25.4,11.0
2020-02-22,US,Manhattan,pm25,55,0.7,34.4,7.9
2020-03-07,US,Manhattan,pm25,64,0.7,18.7,5.0
2020-04-05,US,Manhattan,pm25,72,1.2,18.7,10.3
2020-05-11,US,Manhattan,pm25,41,0.2,11.5,5.0
2020-07-02,US,Manhattan,pm25,71,0.2,17.8,6.2
2020-05-06,US,Jacksonville,pm25,141,2.6,12.5,8.1
2020-05-21,US,Jacksonville,pm25,138,4.8,19.2,7.6
2020-06-20,US,Jacksonville,pm25,143,1.6,15.9,5.5
2020-01-18,US,Jacksonville,pm25,168,3.3,14.0,7.4
2020-03-12,US,Jacksonville,pm25,144,6.7,19.7,10.3
2020-03-28,US,Jacksonville,pm25,144,9.8,25.4,14.0
2020-04-06,US,Jacksonville,pm25,142,2.1,20.6,7.2
2020-04-15,US,Jacksonville,pm25,139,0.4,24.9,11.2
2020-06-24,US,Jacksonville,pm25,142,1.9,18.7,7.4
2020-06-27,US,Jacksonville,pm25,144,10.5,90.3,33.4
2020-07-01,US,Jacksonville,pm25,143,4.5,25.8,8.3
2020-01-12,US,Jacksonville,pm25,165,5.5,16.8,10.3
2020-02-10,US,Jacksonville,pm25,143,2.8,18.2,7.2
2020-03-25,US,Jacksonville,pm25,144,4.3,17.8,9.8
2020-05-11,US,Jacksonville,pm25,142,1.2,21.1,6.4
2020-05-22,US,Jacksonville,pm25,144,3.8,15.9,7.9
2020-06-14,US,Jacksonville,pm25,144,0.7,12.0,5.5
2020-06-29,US,Jacksonville,pm25,137,3.1,25.4,8.3
2020-01-22,US,Jacksonville,pm25,164,1.9,16.8,8.3
2020-02-22,US,Jacksonville,pm25,120,4.8,12.5,7.2
2020-03-04,US,Jacksonville,pm25,140,3.6,45.2,12.1
2020-03-20,US,Jacksonville,pm25,144,3.3,13.0,7.6
2020-05-19,US,Jacksonville,pm25,139,2.6,19.7,6.2
2019-12-31,US,Jacksonville,pm25,133,0.4,111.6,5.5
2020-06-18,US,Jacksonville,pm25,142,4.3,17.8,7.9
2020-06-19,US,Jacksonville,pm25,144,1.6,16.3,4.3
2020-06-30,US,Jacksonville,pm25,141,2.8,23.9,10.3
2020-01-07,US,Jacksonville,pm25,162,0.7,30.1,6.7
2020-01-08,US,Jacksonville,pm25,164,2.4,45.6,7.6
2020-02-18,US,Jacksonville,pm25,116,4.5,17.8,8.6
2020-04-27,US,Jacksonville,pm25,143,2.6,13.0,5.2
2020-06-23,US,Jacksonville,pm25,133,2.1,18.7,5.2
2020-06-10,US,Jacksonville,pm25,141,3.1,16.3,8.3
2020-01-04,US,Jacksonville,pm25,164,1.6,12.5,6.7
2020-01-11,US,Jacksonville,pm25,165,3.3,16.3,11.2
2020-04-09,US,Jacksonville,pm25,144,2.6,21.6,13.0
2020-04-29,US,Jacksonville,pm25,140,2.8,13.0,6.0
2020-05-07,US,Jacksonville,pm25,144,1.2,16.8,5.7
2020-06-13,US,Jacksonville,pm25,142,0.4,41.9,5.5
2020-01-01,US,Jacksonville,pm25,141,0.4,41.9,7.2
2020-03-07,US,Jacksonville,pm25,144,2.1,17.8,5.0
2020-03-26,US,Jacksonville,pm25,144,3.6,16.3,9.3
2020-04-11,US,Jacksonville,pm25,144,5.2,19.2,8.3
2020-05-13,US,Jacksonville,pm25,142,2.6,23.5,6.0
2020-04-14,US,Jacksonville,pm25,144,6.0,22.5,13.5
2020-04-19,US,Jacksonville,pm25,144,3.1,15.9,8.1
2020-03-11,US,Jacksonville,pm25,144,4.0,20.6,9.8
2020-03-18,US,Jacksonville,pm25,144,2.8,11.7,5.5
2020-03-22,US,Jacksonville,pm25,144,3.6,23.0,11.5
2020-06-28,US,Jacksonville,pm25,143,10.5,44.0,19.2
2020-03-08,US,Jacksonville,pm25,144,4.0,24.9,8.1
2020-04-28,US,Jacksonville,pm25,144,1.4,23.5,5.7
2020-06-16,US,Jacksonville,pm25,141,1.9,14.9,5.5
2020-02-04,US,Jacksonville,pm25,167,2.6,19.2,9.3
2020-03-02,US,Jacksonville,pm25,94,0.2,21.1,8.8
2020-03-31,US,Jacksonville,pm25,141,3.8,25.4,8.6
2020-01-09,US,Jacksonville,pm25,165,2.4,32.5,7.6
2020-01-13,US,Jacksonville,pm25,161,2.4,14.4,8.8
2020-01-16,US,Jacksonville,pm25,162,2.8,15.9,7.6
2020-01-31,US,Jacksonville,pm25,168,4.8,21.1,10.0
2020-02-02,US,Jacksonville,pm25,168,1.2,14.0,6.7
2020-04-13,US,Jacksonville,pm25,143,6.7,30.6,14.9
2020-05-05,US,Jacksonville,pm25,141,4.3,15.9,7.4
2020-05-24,US,Jacksonville,pm25,144,4.3,12.5,6.7
2020-06-05,US,Jacksonville,pm25,141,1.2,13.5,5.7
2020-03-16,US,Jacksonville,pm25,139,2.4,16.3,9.3
2020-01-28,US,Jacksonville,pm25,161,0.4,32.0,6.2
2020-02-05,US,Jacksonville,pm25,168,4.8,18.2,10.3
2020-02-24,US,Jacksonville,pm25,131,0.2,57.4,7.2
2020-02-26,US,Jacksonville,pm25,139,0.4,14.0,6.2
2020-03-01,US,Jacksonville,pm25,144,3.3,55.5,12.1
2020-06-04,US,Jacksonville,pm25,142,1.6,12.1,5.2
2020-01-02,US,Jacksonville,pm25,165,2.6,25.8,6.7
2020-02-09,US,Jacksonville,pm25,144,3.3,25.4,8.3
2020-02-19,US,Jacksonville,pm25,117,3.6,49.7,7.4
2020-05-03,US,Jacksonville,pm25,144,3.3,15.9,7.4
2020-05-15,US,Jacksonville,pm25,144,2.6,13.5,8.3
2020-01-30,US,Jacksonville,pm25,168,3.8,14.4,8.6
2020-02-12,US,Jacksonville,pm25,141,2.4,13.0,8.3
2020-02-25,US,Jacksonville,pm25,144,1.2,19.2,7.6
2020-06-03,US,Jacksonville,pm25,141,2.4,25.8,6.9
2020-07-05,US,Jacksonville,pm25,144,6.0,65.1,14.4
2020-04-05,US,Jacksonville,pm25,144,1.9,29.2,11.0
2020-04-23,US,Jacksonville,pm25,144,3.1,16.3,6.9
2020-04-30,US,Jacksonville,pm25,144,0.9,10.3,5.0
2020-06-17,US,Jacksonville,pm25,141,5.2,46.0,7.6
2020-06-25,US,Jacksonville,pm25,143,2.1,52.1,10.5
2020-03-17,US,Jacksonville,pm25,142,1.6,21.6,7.9
2020-04-04,US,Jacksonville,pm25,144,7.4,34.4,19.7
2020-04-25,US,Jacksonville,pm25,144,5.5,18.7,11.2
2020-05-12,US,Jacksonville,pm25,140,2.8,14.0,6.4
2020-06-08,US,Jacksonville,pm25,142,1.2,16.3,7.2
2020-06-22,US,Jacksonville,pm25,142,2.8,12.1,6.7
2020-07-02,US,Jacksonville,pm25,144,6.2,24.4,11.0
2020-01-06,US,Jacksonville,pm25,160,2.1,105.8,6.7
2020-01-10,US,Jacksonville,pm25,160,4.5,13.5,8.8
2020-03-15,US,Jacksonville,pm25,144,4.0,26.8,12.1
2020-04-10,US,Jacksonville,pm25,144,4.8,23.5,8.3
2020-05-25,US,Jacksonville,pm25,144,3.8,11.0,6.4
2020-04-26,US,Jacksonville,pm25,144,2.6,17.8,9.6
2020-06-01,US,Jacksonville,pm25,144,5.0,14.0,9.1
2020-06-21,US,Jacksonville,pm25,142,1.4,54.5,8.1
2020-01-17,US,Jacksonville,pm25,164,3.3,13.0,8.3
2020-01-24,US,Jacksonville,pm25,156,0.9,17.3,8.3
2020-01-27,US,Jacksonville,pm25,154,1.6,22.0,8.3
2020-02-21,US,Jacksonville,pm25,120,0.7,11.0,6.7
2020-04-20,US,Jacksonville,pm25,142,1.6,24.9,7.9
2020-06-02,US,Jacksonville,pm25,137,0.9,24.4,6.9
2020-06-09,US,Jacksonville,pm25,136,1.4,209.0,8.6
2020-07-06,US,Jacksonville,pm25,144,4.3,18.2,8.3
2020-01-15,US,Jacksonville,pm25,163,4.8,21.1,9.1
2020-01-21,US,Jacksonville,pm25,160,3.8,27.3,7.4
2020-03-24,US,Jacksonville,pm25,140,2.8,24.9,7.4
2020-04-22,US,Jacksonville,pm25,143,3.1,25.4,7.4
2020-05-10,US,Jacksonville,pm25,144,4.3,11.7,5.7
2020-07-07,US,Jacksonville,pm25,87,4.8,16.8,7.6
2020-03-10,US,Jacksonville,pm25,137,1.9,20.6,7.4
2020-03-29,US,Jacksonville,pm25,138,7.2,32.0,13.5
2020-04-21,US,Jacksonville,pm25,139,2.4,31.1,6.7
2020-03-21,US,Jacksonville,pm25,144,6.2,22.0,9.6
2020-04-17,US,Jacksonville,pm25,144,4.0,20.6,7.9
2020-05-08,US,Jacksonville,pm25,143,1.6,23.5,6.2
2020-01-03,US,Jacksonville,pm25,165,4.5,17.3,9.6
2020-01-19,US,Jacksonville,pm25,168,2.1,11.5,6.7
2020-02-20,US,Jacksonville,pm25,120,1.2,23.9,10.0
2020-02-27,US,Jacksonville,pm25,141,2.1,13.5,4.8
2020-03-06,US,Jacksonville,pm25,144,0.7,14.9,3.6
2020-06-15,US,Jacksonville,pm25,139,1.6,19.2,5.2
2019-12-30,US,Jacksonville,pm25,138,4.3,11.0,7.2
2020-02-07,US,Jacksonville,pm25,168,1.9,13.5,5.7
2020-02-15,US,Jacksonville,pm25,120,2.8,12.0,6.9
2020-02-29,US,Jacksonville,pm25,144,1.9,54.1,8.3
2020-01-23,US,Jacksonville,pm25,168,2.4,17.3,12.5
2020-01-25,US,Jacksonville,pm25,166,0.2,20.6,6.2
2020-02-28,US,Jacksonville,pm25,144,3.1,25.8,7.6
2020-06-11,US,Jacksonville,pm25,144,1.9,21.1,7.2
2020-01-14,US,Jacksonville,pm25,156,2.4,15.4,7.6
2020-02-03,US,Jacksonville,pm25,164,2.1,15.9,6.4
2020-02-06,US,Jacksonville,pm25,168,6.9,23.5,11.5
2020-05-09,US,Jacksonville,pm25,144,4.3,12.0,6.4
2020-06-26,US,Jacksonville,pm25,144,20.1,63.2,35.9
2020-05-16,US,Jacksonville,pm25,144,3.1,11.2,7.6
2020-01-20,US,Jacksonville,pm25,168,2.4,12.5,6.7
2020-01-29,US,Jacksonville,pm25,167,4.5,50.1,9.6
2020-03-09,US,Jacksonville,pm25,141,2.4,16.3,6.7
2020-04-08,US,Jacksonville,pm25,140,0.7,23.5,9.3
2020-04-24,US,Jacksonville,pm25,142,0.7,15.4,9.3
2020-04-12,US,Jacksonville,pm25,144,6.7,23.9,12.1
2020-06-06,US,Jacksonville,pm25,143,2.4,38.7,6.0
2020-07-03,US,Jacksonville,pm25,144,6.2,29.2,11.5
2020-01-05,US,Jacksonville,pm25,164,0.4,23.5,4.5
2020-02-16,US,Jacksonville,pm25,119,0.4,14.4,6.9
2020-03-23,US,Jacksonville,pm25,142,5.7,32.5,13.0
2020-04-18,US,Jacksonville,pm25,143,2.4,14.0,7.9
2020-05-14,US,Jacksonville,pm25,144,3.1,14.9,5.5
2020-05-26,US,Jacksonville,pm25,141,1.2,10.0,6.2
2020-05-27,US,Jacksonville,pm25,139,2.8,14.0,5.7
2020-06-07,US,Jacksonville,pm25,140,1.2,10.8,4.8
2020-01-26,US,Jacksonville,pm25,167,0.7,18.2,9.6
2020-02-08,US,Jacksonville,pm25,167,2.4,13.5,5.0
2020-03-14,US,Jacksonville,pm25,144,2.1,32.5,8.3
2020-04-02,US,Jacksonville,pm25,144,0.2,27.7,6.7
2020-05-18,US,Jacksonville,pm25,139,0.4,14.4,6.0
2020-07-04,US,Jacksonville,pm25,142,0.7,125.2,10.8
2020-03-05,US,Jacksonville,pm25,143,2.4,21.1,8.8
2020-04-01,US,Jacksonville,pm25,137,0.7,11.0,4.8
2020-05-01,US,Jacksonville,pm25,144,3.6,24.9,5.5
2020-06-12,US,Jacksonville,pm25,143,0.4,9.3,6.0
2020-05-29,US,Jacksonville,pm25,143,1.9,16.8,7.9
2020-02-01,US,Jacksonville,pm25,168,1.6,14.9,6.0
2020-02-13,US,Jacksonville,pm25,129,6.4,19.2,10.3
2020-03-27,US,Jacksonville,pm25,144,5.7,26.8,12.5
2020-04-03,US,Jacksonville,pm25,144,1.9,28.2,8.1
2020-04-16,US,Jacksonville,pm25,144,5.5,28.7,7.4
2020-04-07,US,Jacksonville,pm25,142,3.1,30.1,6.0
2020-05-02,US,Jacksonville,pm25,144,4.8,31.1,9.3
2020-05-04,US,Jacksonville,pm25,140,0.4,39.1,8.8
2020-02-14,US,Jacksonville,pm25,120,2.1,10.8,5.7
2020-02-23,US,Jacksonville,pm25,120,2.6,16.8,6.0
2020-03-03,US,Jacksonville,pm25,86,6.9,16.8,10.0
2020-03-19,US,Jacksonville,pm25,144,4.3,14.0,6.9
2020-03-30,US,Jacksonville,pm25,141,5.7,26.8,17.3
2020-05-20,US,Jacksonville,pm25,143,3.8,15.4,6.7
2020-05-23,US,Jacksonville,pm25,144,1.4,23.9,7.2
2020-05-30,US,Jacksonville,pm25,144,3.6,45.6,8.1
2020-05-31,US,Jacksonville,pm25,144,4.5,20.1,9.1
2020-02-11,US,Jacksonville,pm25,140,3.6,74.8,7.2
2020-02-17,US,Jacksonville,pm25,120,3.6,12.0,7.6
2020-03-13,US,Jacksonville,pm25,144,4.5,22.0,8.8
2020-05-17,US,Jacksonville,pm25,144,3.3,12.0,6.4
2020-05-28,US,Jacksonville,pm25,137,3.6,491.3,9.1
2020-04-10,CN,Beijing,pm25,453,22.0,74.8,38.7
2020-05-26,CN,Beijing,pm25,457,1.2,39.9,10.0
2020-01-25,CN,Beijing,pm25,470,41.9,355.0,142.6
2020-02-16,CN,Beijing,pm25,431,1.2,32.0,4.0
2020-03-07,CN,Beijing,pm25,456,7.2,176.7,63.2
2020-03-17,CN,Beijing,pm25,453,4.0,76.8,34.9
2020-05-30,CN,Beijing,pm25,478,7.2,109.7,54.1
2020-02-28,CN,Beijing,pm25,451,31.1,146.5,55.5
2020-04-20,CN,Beijing,pm25,429,1.2,29.2,7.2
2020-05-01,CN,Beijing,pm25,456,30.1,189.8,103.9
2020-05-13,CN,Beijing,pm25,444,4.0,990.964959276018,37.9
2020-06-17,CN,Beijing,pm25,474,2.1,990.964959276018,17.8
2020-03-09,CN,Beijing,pm25,454,8.1,103.9,54.1
2020-03-14,CN,Beijing,pm25,445,1.2,48.9,6.0
2020-05-14,CN,Beijing,pm25,460,8.1,990.964959276018,32.0
2020-06-01,CN,Beijing,pm25,476,1.2,65.1,20.1
2020-06-18,CN,Beijing,pm25,470,1.2,107.7,23.9
2020-06-22,CN,Beijing,pm25,469,16.8,131.0,46.8
2020-02-08,CN,Beijing,pm25,475,6.0,236.2,69.0
2020-04-15,CN,Beijing,pm25,427,29.2,364.1,59.3
2020-06-04,CN,Beijing,pm25,467,1.2,86.4,10.0
2020-06-09,CN,Beijing,pm25,480,13.0,86.4,39.9
2020-03-04,CN,Beijing,pm25,447,1.2,50.1,9.1
2020-03-26,CN,Beijing,pm25,426,1.2,82.6,5.0
2020-04-27,CN,Beijing,pm25,444,8.1,103.9,41.9
2020-05-06,CN,Beijing,pm25,452,15.9,148.4,80.6
2019-12-30,CN,Beijing,pm25,401,1.2,54.1,8.1
2020-02-04,CN,Beijing,pm25,465,1.2,76.8,7.2
2020-02-13,CN,Beijing,pm25,450,88.4,276.7,211.0
2020-02-14,CN,Beijing,pm25,441,2.1,210.0,23.9
2020-05-19,CN,Beijing,pm25,442,4.0,70.9,14.0
2020-05-24,CN,Beijing,pm25,462,1.2,28.2,8.1
2020-06-08,CN,Beijing,pm25,459,9.1,202.9,39.9
2020-06-13,CN,Beijing,pm25,479,1.2,214.0,48.0
2020-05-29,CN,Beijing,pm25,471,20.1,94.2,55.5
2020-06-24,CN,Beijing,pm25,477,2.1,69.0,15.9
2020-01-14,CN,Beijing,pm25,444,5.0,52.1,15.9
2020-03-28,CN,Beijing,pm25,465,1.2,36.7,7.2
2020-03-30,CN,Beijing,pm25,472,18.7,107.7,67.1
2020-05-17,CN,Beijing,pm25,476,2.1,84.5,16.8
2020-03-13,CN,Beijing,pm25,435,1.2,111.6,6.0
2020-05-02,CN,Beijing,pm25,453,23.0,107.7,54.1
2020-05-09,CN,Beijing,pm25,457,1.2,74.8,33.0
2020-07-04,CN,Beijing,pm25,468,4.0,90.3,40.7
2020-04-09,CN,Beijing,pm25,449,17.8,67.1,33.9
2020-04-23,CN,Beijing,pm25,442,1.2,38.7,7.2
2020-05-12,CN,Beijing,pm25,459,1.2,121.3,14.9
2020-02-15,CN,Beijing,pm25,439,1.2,14.9,6.0
2020-05-11,CN,Beijing,pm25,443,1.2,220.1,8.1
2020-05-25,CN,Beijing,pm25,468,2.1,61.3,10.0
2020-06-05,CN,Beijing,pm25,469,1.2,216.0,12.0
2020-01-31,CN,Beijing,pm25,478,1.2,161.6,57.4
2020-02-05,CN,Beijing,pm25,454,2.1,67.1,24.9
2020-04-11,CN,Beijing,pm25,451,2.1,113.6,20.1
2020-05-10,CN,Beijing,pm25,463,1.2,234.2,16.8
2020-07-06,CN,Beijing,pm25,462,4.0,48.9,16.8
2020-01-19,CN,Beijing,pm25,479,1.2,284.8,31.1
2020-02-23,CN,Beijing,pm25,451,8.1,103.9,39.9
2020-03-08,CN,Beijing,pm25,471,31.1,178.7,92.2
2020-03-23,CN,Beijing,pm25,455,2.1,90.3,29.2
2020-04-16,CN,Beijing,pm25,428,2.1,94.2,21.1
2020-05-27,CN,Beijing,pm25,432,1.2,88.4,6.0
2020-07-03,CN,Beijing,pm25,470,8.1,113.6,46.0
2020-01-04,CN,Beijing,pm25,457,7.2,232.2,39.9
2020-01-09,CN,Beijing,pm25,475,9.1,990.964959276018,34.9
2020-02-07,CN,Beijing,pm25,468,46.0,159.5,72.9
2020-02-10,CN,Beijing,pm25,451,74.8,272.7,138.7
2020-03-20,CN,Beijing,pm25,454,2.1,101.9,32.0
2020-04-13,CN,Beijing,pm25,425,2.1,223.1,28.2
2020-04-26,CN,Beijing,pm25,449,1.2,109.7,12.0
2020-05-28,CN,Beijing,pm25,452,4.0,82.6,34.9
2020-01-06,CN,Beijing,pm25,469,17.8,111.6,61.3
2020-01-29,CN,Beijing,pm25,478,11.0,315.0,61.3
2020-03-01,CN,Beijing,pm25,470,1.2,67.1,9.1
2020-03-03,CN,Beijing,pm25,143,1.2,72.9,50.1
2020-06-07,CN,Beijing,pm25,451,9.1,127.1,29.2
2020-06-28,CN,Beijing,pm25,473,7.2,123.2,44.8
2020-06-26,CN,Beijing,pm25,474,4.0,101.9,24.9
2020-02-24,CN,Beijing,pm25,447,22.0,148.4,57.4
2020-04-06,CN,Beijing,pm25,453,23.9,125.2,67.1
2020-05-15,CN,Beijing,pm25,461,4.0,990.964959276018,40.7
2020-05-23,CN,Beijing,pm25,437,1.2,52.1,5.0
2020-04-19,CN,Beijing,pm25,470,1.2,92.2,42.8
2020-04-30,CN,Beijing,pm25,451,50.9,236.2,86.4
2020-05-16,CN,Beijing,pm25,462,7.2,76.8,41.9
2020-05-22,CN,Beijing,pm25,449,1.2,101.9,38.7
2020-01-01,CN,Beijing,pm25,441,14.9,88.4,36.7
2020-02-01,CN,Beijing,pm25,461,1.2,52.1,7.2
2020-02-22,CN,Beijing,pm25,439,1.2,55.5,7.2
2020-02-25,CN,Beijing,pm25,461,14.9,140.7,52.1
2020-05-31,CN,Beijing,pm25,454,1.2,50.9,10.0
2020-06-19,CN,Beijing,pm25,472,6.0,990.964959276018,23.0
2020-01-02,CN,Beijing,pm25,450,28.2,129.0,57.4
2020-02-12,CN,Beijing,pm25,452,140.7,297.9,216.0
2020-04-18,CN,Beijing,pm25,464,18.7,55.5,33.0
2020-06-12,CN,Beijing,pm25,475,4.0,90.3,31.1
2020-07-08,CN,Beijing,pm25,76,12.0,61.3,37.9
2020-01-23,CN,Beijing,pm25,480,4.0,188.8,63.2
2020-02-17,CN,Beijing,pm25,448,1.2,31.1,6.0
2020-03-25,CN,Beijing,pm25,452,46.8,210.0,109.7
2020-06-11,CN,Beijing,pm25,471,6.0,134.9,40.7
2020-03-24,CN,Beijing,pm25,439,11.0,115.5,34.9
2020-04-25,CN,Beijing,pm25,452,1.2,84.5,10.0
2020-06-10,CN,Beijing,pm25,468,5.0,123.2,50.9
2020-07-07,CN,Beijing,pm25,440,1.2,63.2,13.0
2020-01-27,CN,Beijing,pm25,480,76.8,356.5,181.7
2020-01-30,CN,Beijing,pm25,476,17.8,115.5,48.9
2020-02-03,CN,Beijing,pm25,469,1.2,990.964959276018,9.1
2020-03-18,CN,Beijing,pm25,452,1.2,109.7,39.9
2020-07-01,CN,Beijing,pm25,461,5.0,61.3,25.8
2020-01-12,CN,Beijing,pm25,476,5.0,105.8,20.1
2020-01-16,CN,Beijing,pm25,454,3.1,320.1,34.9
2020-03-12,CN,Beijing,pm25,434,1.2,98.1,9.1
2020-04-21,CN,Beijing,pm25,454,1.2,57.4,7.2
2020-06-02,CN,Beijing,pm25,475,2.1,78.7,23.0
2020-02-18,CN,Beijing,pm25,454,4.0,52.1,16.8
2020-02-20,CN,Beijing,pm25,454,67.1,138.7,109.7
2020-04-02,CN,Beijing,pm25,436,1.2,80.6,16.8
2020-04-14,CN,Beijing,pm25,421,21.1,194.9,69.0
2020-04-04,CN,Beijing,pm25,452,2.1,69.0,21.1
2020-05-21,CN,Beijing,pm25,437,20.1,129.0,70.9
2020-06-14,CN,Beijing,pm25,438,1.2,52.1,6.0
2020-06-25,CN,Beijing,pm25,474,3.1,69.0,29.2
2020-01-10,CN,Beijing,pm25,474,1.2,195.9,29.2
2020-02-09,CN,Beijing,pm25,470,46.0,248.3,132.9
2020-02-26,CN,Beijing,pm25,446,12.0,100.0,30.1
2020-03-31,CN,Beijing,pm25,459,15.9,105.8,61.3
2020-06-29,CN,Beijing,pm25,479,9.1,72.9,28.2
2020-01-07,CN,Beijing,pm25,454,1.2,90.3,13.0
2020-01-11,CN,Beijing,pm25,475,1.2,48.9,10.0
2020-01-28,CN,Beijing,pm25,477,109.7,353.5,197.9
2020-03-15,CN,Beijing,pm25,450,1.2,39.9,6.0
2020-04-29,CN,Beijing,pm25,451,26.8,368.6,61.3
2020-05-08,CN,Beijing,pm25,450,1.2,129.0,29.2
2020-06-03,CN,Beijing,pm25,475,2.1,153.5,50.1
2020-06-21,CN,Beijing,pm25,474,15.9,103.9,29.2
2020-01-24,CN,Beijing,pm25,466,12.0,173.7,67.1
2020-02-11,CN,Beijing,pm25,450,96.1,330.2,196.9
2020-04-07,CN,Beijing,pm25,447,8.1,156.5,44.0
2020-04-24,CN,Beijing,pm25,449,1.2,63.2,14.0
2020-01-05,CN,Beijing,pm25,476,23.9,129.0,61.3
2020-05-18,CN,Beijing,pm25,460,1.2,48.9,10.0
2020-03-27,CN,Beijing,pm25,438,1.2,16.8,5.0
2020-04-22,CN,Beijing,pm25,440,1.2,31.1,7.2
2020-05-07,CN,Beijing,pm25,450,10.0,204.9,86.4
2020-01-17,CN,Beijing,pm25,470,30.1,424.6,70.9
2020-01-18,CN,Beijing,pm25,451,10.0,370.1,237.2
2020-03-05,CN,Beijing,pm25,454,12.0,78.7,35.9
2020-03-11,CN,Beijing,pm25,426,1.2,70.9,28.2
2020-04-01,CN,Beijing,pm25,422,1.2,57.4,5.0
2019-12-31,CN,Beijing,pm25,433,1.2,65.1,22.0
2020-01-15,CN,Beijing,pm25,453,10.0,295.9,48.9
2020-01-22,CN,Beijing,pm25,473,38.7,134.9,63.2
2020-02-29,CN,Beijing,pm25,460,18.7,160.5,70.9
2020-07-02,CN,Beijing,pm25,445,3.1,67.1,28.2
2020-07-05,CN,Beijing,pm25,473,3.1,129.0,21.1
2020-02-19,CN,Beijing,pm25,450,14.9,138.7,57.4
2020-03-02,CN,Beijing,pm25,476,3.1,111.6,20.1
2020-03-16,CN,Beijing,pm25,449,4.0,57.4,22.0
2020-03-29,CN,Beijing,pm25,443,13.0,92.2,39.9
2020-03-06,CN,Beijing,pm25,448,41.9,140.7,82.6
2020-04-03,CN,Beijing,pm25,443,1.2,46.8,12.0
2020-04-12,CN,Beijing,pm25,447,1.2,791.0870950226246,15.9
2020-06-20,CN,Beijing,pm25,465,11.0,990.964959276018,38.7
2020-05-04,CN,Beijing,pm25,453,10.0,86.4,32.0
2020-06-27,CN,Beijing,pm25,478,15.9,144.5,61.3
2020-05-05,CN,Beijing,pm25,456,17.8,140.7,48.0
2020-06-16,CN,Beijing,pm25,477,6.0,98.1,38.7
2020-02-21,CN,Beijing,pm25,450,1.2,180.7,105.8
2020-02-27,CN,Beijing,pm25,455,6.0,61.3,24.9
2020-03-22,CN,Beijing,pm25,454,7.2,153.5,28.2
2020-04-05,CN,Beijing,pm25,451,13.0,76.8,26.8
2020-02-02,CN,Beijing,pm25,471,1.2,63.2,34.9
2020-03-10,CN,Beijing,pm25,440,1.2,92.2,9.1
2020-03-19,CN,Beijing,pm25,434,1.2,36.7,6.0
2020-03-21,CN,Beijing,pm25,456,2.1,88.4,26.8
2020-01-03,CN,Beijing,pm25,446,17.8,173.7,57.4
2020-01-08,CN,Beijing,pm25,467,1.2,84.5,11.0
2020-01-20,CN,Beijing,pm25,382,1.2,33.0,7.2
2020-01-21,CN,Beijing,pm25,425,15.9,78.7,44.0
2020-06-23,CN,Beijing,pm25,475,2.1,80.6,46.0
2020-06-30,CN,Beijing,pm25,474,2.1,88.4,15.9
2020-04-17,CN,Beijing,pm25,449,6.0,65.1,23.9
2020-04-28,CN,Beijing,pm25,438,28.2,189.8,59.3
2020-05-20,CN,Beijing,pm25,451,1.2,82.6,13.0
2020-06-06,CN,Beijing,pm25,450,5.0,67.1,22.0
2020-05-03,CN,Beijing,pm25,449,25.8,100.0,59.3
2020-06-15,CN,Beijing,pm25,475,2.1,96.1,15.9
2020-01-13,CN,Beijing,pm25,448,2.1,74.8,11.0
2020-01-26,CN,Beijing,pm25,480,65.1,321.1,179.7
2020-02-06,CN,Beijing,pm25,452,8.1,74.8,42.8
2020-04-08,CN,Beijing,pm25,450,7.2,80.6,21.1
2020-02-01,CN,Shanghai,pm25,873,8.1,245.3,26.8
2020-02-04,CN,Shanghai,pm25,874,6.0,33.9,17.8
2020-05-16,CN,Shanghai,pm25,206,21.1,113.6,70.9
2020-06-10,CN,Shanghai,pm25,214,2.1,72.9,36.7
2020-06-16,CN,Shanghai,pm25,604,7.2,990.964959276018,23.0
2020-01-05,CN,Shanghai,pm25,874,10.0,96.1,32.0
2020-02-02,CN,Shanghai,pm25,873,4.0,65.1,31.1
2020-02-09,CN,Shanghai,pm25,878,37.9,245.3,72.9
2020-02-28,CN,Shanghai,pm25,879,6.0,69.0,29.2
2020-03-31,CN,Shanghai,pm25,872,2.1,32.0,15.9
2020-04-04,CN,Shanghai,pm25,887,6.0,230.2,50.1
2020-04-25,CN,Shanghai,pm25,884,16.8,98.1,41.9
2020-05-04,CN,Shanghai,pm25,204,11.0,134.9,42.8
2020-01-11,CN,Shanghai,pm25,887,1.2,65.1,30.1
2020-01-25,CN,Shanghai,pm25,881,1.2,109.7,9.1
2020-02-22,CN,Shanghai,pm25,861,2.1,125.2,65.1
2020-05-11,CN,Shanghai,pm25,215,37.9,117.4,84.5
2020-05-15,CN,Shanghai,pm25,213,14.0,86.4,26.8
2020-07-01,CN,Shanghai,pm25,811,1.2,33.0,15.9
2020-02-23,CN,Shanghai,pm25,854,7.2,86.4,25.8
2020-03-03,CN,Shanghai,pm25,263,3.1,35.9,17.8
2020-03-04,CN,Shanghai,pm25,853,1.2,67.1,24.9
2020-03-18,CN,Shanghai,pm25,853,21.1,990.964959276018,52.9
2020-04-24,CN,Shanghai,pm25,868,2.1,105.8,39.9
2020-05-18,CN,Shanghai,pm25,208,8.1,70.9,35.9
2020-05-24,CN,Shanghai,pm25,187,16.8,96.1,32.0
2020-06-05,CN,Shanghai,pm25,212,2.1,84.5,11.0
2020-01-29,CN,Shanghai,pm25,881,36.7,109.7,63.2
2020-03-13,CN,Shanghai,pm25,854,1.2,55.5,25.8
2020-04-03,CN,Shanghai,pm25,877,12.0,57.4,26.8
2020-04-23,CN,Shanghai,pm25,878,8.1,46.8,21.1
2020-04-29,CN,Shanghai,pm25,881,4.0,78.7,20.1
2020-05-21,CN,Shanghai,pm25,210,9.1,44.0,20.1
2020-06-07,CN,Shanghai,pm25,199,5.0,40.7,20.1
2020-06-13,CN,Shanghai,pm25,228,11.0,96.1,36.7
2020-06-15,CN,Shanghai,pm25,238,2.1,111.6,22.0
2020-01-14,CN,Shanghai,pm25,873,2.1,211.0,119.4
2020-01-17,CN,Shanghai,pm25,867,2.1,338.2,33.9
2020-02-10,CN,Shanghai,pm25,855,6.0,105.8,44.8
2020-03-19,CN,Shanghai,pm25,846,2.1,990.964959276018,33.0
2020-03-21,CN,Shanghai,pm25,829,11.0,61.3,33.0
2020-05-20,CN,Shanghai,pm25,209,11.0,84.5,37.9
2020-04-30,CN,Shanghai,pm25,736,2.1,148.4,34.9
2020-05-02,CN,Shanghai,pm25,216,10.0,50.1,30.1
2020-01-08,CN,Shanghai,pm25,882,3.1,84.5,40.7
2020-02-19,CN,Shanghai,pm25,849,1.2,30.1,13.0
2020-02-27,CN,Shanghai,pm25,883,10.0,69.0,23.9
2020-03-02,CN,Shanghai,pm25,856,7.2,46.0,23.0
2020-03-11,CN,Shanghai,pm25,858,7.2,111.6,67.1
2020-04-17,CN,Shanghai,pm25,858,2.1,148.4,50.9
2020-07-07,CN,Shanghai,pm25,823,2.1,86.4,24.9
2019-12-30,CN,Shanghai,pm25,600,30.1,119.4,80.6
2020-02-25,CN,Shanghai,pm25,876,11.0,990.964959276018,33.0
2020-05-09,CN,Shanghai,pm25,216,11.0,82.6,40.7
2020-05-10,CN,Shanghai,pm25,216,20.1,150.4,74.8
2020-05-25,CN,Shanghai,pm25,192,14.0,168.6,57.4
2020-05-14,CN,Shanghai,pm25,211,5.0,32.0,18.7
2020-06-01,CN,Shanghai,pm25,173,12.0,125.2,50.9
2020-03-05,CN,Shanghai,pm25,854,2.1,990.964959276018,21.1
2020-03-16,CN,Shanghai,pm25,852,1.2,111.6,12.0
2020-03-30,CN,Shanghai,pm25,879,3.1,31.1,13.0
2020-04-05,CN,Shanghai,pm25,884,1.2,31.1,13.0
2020-04-07,CN,Shanghai,pm25,881,1.2,72.9,23.9
2020-04-16,CN,Shanghai,pm25,866,16.8,76.8,34.9
2020-06-03,CN,Shanghai,pm25,213,5.0,990.964959276018,25.8
2020-06-25,CN,Shanghai,pm25,834,9.1,82.6,35.9
2020-01-06,CN,Shanghai,pm25,866,1.2,61.3,20.1
2020-01-19,CN,Shanghai,pm25,886,55.5,245.3,80.6
2020-05-06,CN,Shanghai,pm25,210,6.0,44.0,23.0
2020-06-30,CN,Shanghai,pm25,853,6.0,70.9,20.1
2020-01-24,CN,Shanghai,pm25,876,3.1,352.0,37.9
2020-03-29,CN,Shanghai,pm25,825,1.2,42.8,8.1
2020-04-01,CN,Shanghai,pm25,879,1.2,990.964959276018,32.0
2020-04-14,CN,Shanghai,pm25,879,29.2,90.3,59.3
2020-05-07,CN,Shanghai,pm25,212,5.0,44.8,23.9
2020-07-04,CN,Shanghai,pm25,862,2.1,50.1,11.0
2020-01-03,CN,Shanghai,pm25,876,6.0,990.964959276018,42.8
2020-04-18,CN,Shanghai,pm25,880,5.0,154.5,35.9
2020-05-13,CN,Shanghai,pm25,214,7.2,990.964959276018,17.8
2020-05-17,CN,Shanghai,pm25,192,29.2,109.7,72.9
2020-01-01,CN,Shanghai,pm25,855,2.1,245.3,14.9
2020-03-27,CN,Shanghai,pm25,869,2.1,61.3,12.0
2020-05-05,CN,Shanghai,pm25,213,4.0,54.1,26.8
2020-05-26,CN,Shanghai,pm25,199,3.1,40.7,15.9
2020-06-19,CN,Shanghai,pm25,832,1.2,70.9,20.1
2020-03-17,CN,Shanghai,pm25,853,1.2,990.964959276018,26.8
2020-04-11,CN,Shanghai,pm25,884,3.1,39.9,22.0
2020-01-09,CN,Shanghai,pm25,886,1.2,70.9,34.9
2020-01-26,CN,Shanghai,pm25,873,1.2,33.0,14.0
2020-02-06,CN,Shanghai,pm25,878,1.2,245.3,13.0
2020-02-08,CN,Shanghai,pm25,883,20.1,245.3,33.0
2020-02-17,CN,Shanghai,pm25,840,2.1,37.9,16.8
2020-02-18,CN,Shanghai,pm25,850,2.1,40.7,18.7
2020-05-12,CN,Shanghai,pm25,208,6.0,59.3,23.9
2020-07-02,CN,Shanghai,pm25,842,1.2,31.1,13.0
2020-07-06,CN,Shanghai,pm25,842,1.2,70.9,20.1
2020-02-03,CN,Shanghai,pm25,882,15.9,990.964959276018,59.3
2020-03-24,CN,Shanghai,pm25,855,4.0,990.964959276018,25.8
2020-04-19,CN,Shanghai,pm25,880,6.0,107.7,30.1
2020-06-14,CN,Shanghai,pm25,249,3.1,119.4,25.8
2020-06-18,CN,Shanghai,pm25,849,1.2,125.2,21.1
2020-06-29,CN,Shanghai,pm25,837,7.2,54.1,23.0
2020-02-13,CN,Shanghai,pm25,858,9.1,107.7,50.1
2020-02-29,CN,Shanghai,pm25,888,1.2,61.3,22.0
2020-03-14,CN,Shanghai,pm25,841,1.2,69.0,20.1
2020-04-02,CN,Shanghai,pm25,863,2.1,88.4,16.8
2020-05-03,CN,Shanghai,pm25,210,23.9,119.4,46.0
2020-05-08,CN,Shanghai,pm25,209,1.2,33.0,15.9
2020-01-23,CN,Shanghai,pm25,872,1.2,436.8,23.0
2020-02-15,CN,Shanghai,pm25,836,1.2,300.9,12.0
2020-03-06,CN,Shanghai,pm25,853,2.1,50.9,21.1
2020-04-27,CN,Shanghai,pm25,880,1.2,36.7,18.7
2020-06-04,CN,Shanghai,pm25,205,17.8,94.2,34.9
2020-06-28,CN,Shanghai,pm25,860,2.1,39.9,17.8
2020-01-27,CN,Shanghai,pm25,884,1.2,63.2,14.9
2020-02-20,CN,Shanghai,pm25,858,1.2,57.4,14.9
2020-03-25,CN,Shanghai,pm25,862,2.1,990.964959276018,16.8
2020-05-30,CN,Shanghai,pm25,206,1.2,42.8,10.0
2020-06-23,CN,Shanghai,pm25,821,2.1,39.9,17.8
2020-06-27,CN,Shanghai,pm25,862,2.1,59.3,23.9
2020-01-22,CN,Shanghai,pm25,859,35.9,990.964959276018,74.8
2020-01-31,CN,Shanghai,pm25,885,11.0,245.3,42.8
2020-03-15,CN,Shanghai,pm25,842,14.9,111.6,44.8
2020-04-22,CN,Shanghai,pm25,876,1.2,72.9,18.7
2020-05-01,CN,Shanghai,pm25,213,3.1,69.0,36.7
2020-04-26,CN,Shanghai,pm25,883,4.0,59.3,30.1
2020-05-27,CN,Shanghai,pm25,200,9.1,65.1,38.7
2020-01-18,CN,Shanghai,pm25,880,22.0,383.8,67.1
2020-02-16,CN,Shanghai,pm25,839,3.1,245.3,23.0
2020-03-20,CN,Shanghai,pm25,834,1.2,990.964959276018,14.9
2020-03-22,CN,Shanghai,pm25,836,2.1,129.0,40.7
2020-04-06,CN,Shanghai,pm25,859,2.1,38.7,14.9
2020-04-21,CN,Shanghai,pm25,865,2.1,78.7,17.8
2020-06-20,CN,Shanghai,pm25,843,4.0,82.6,33.9
2020-06-21,CN,Shanghai,pm25,846,1.2,32.0,11.0
2020-06-22,CN,Shanghai,pm25,824,1.2,35.9,12.0
2019-12-31,CN,Shanghai,pm25,661,2.1,245.3,14.9
2020-03-10,CN,Shanghai,pm25,854,1.2,61.3,32.0
2020-04-09,CN,Shanghai,pm25,856,6.0,90.3,33.9
2020-04-10,CN,Shanghai,pm25,861,2.1,36.7,23.0
2020-04-12,CN,Shanghai,pm25,885,11.0,84.5,48.9
2020-05-29,CN,Shanghai,pm25,214,15.9,140.7,52.9
2020-01-16,CN,Shanghai,pm25,843,1.2,26.8,9.1
2020-03-01,CN,Shanghai,pm25,873,2.1,48.9,14.9
2020-04-08,CN,Shanghai,pm25,877,8.1,990.964959276018,29.2
2020-04-13,CN,Shanghai,pm25,879,25.8,90.3,52.9
2020-06-24,CN,Shanghai,pm25,822,3.1,90.3,29.2
2020-01-02,CN,Shanghai,pm25,866,1.2,57.4,20.1
2020-02-24,CN,Shanghai,pm25,864,13.0,61.3,36.7
2020-03-12,CN,Shanghai,pm25,854,14.0,107.7,41.9
2020-03-26,CN,Shanghai,pm25,881,5.0,74.8,33.0
2020-07-03,CN,Shanghai,pm25,848,1.2,76.8,12.0
2020-02-07,CN,Shanghai,pm25,862,1.2,46.0,21.1
2020-02-12,CN,Shanghai,pm25,841,6.0,105.8,40.7
2020-02-14,CN,Shanghai,pm25,853,1.2,395.9,16.8
2020-02-26,CN,Shanghai,pm25,872,5.0,82.6,24.9
2020-01-10,CN,Shanghai,pm25,877,1.2,32.0,14.9
2020-06-02,CN,Shanghai,pm25,212,10.0,48.9,25.8
2020-06-08,CN,Shanghai,pm25,216,14.0,44.8,31.1
2020-06-09,CN,Shanghai,pm25,211,1.2,33.0,12.0
2020-06-17,CN,Shanghai,pm25,852,1.2,86.4,41.9
2020-07-05,CN,Shanghai,pm25,861,2.1,65.1,17.8
2020-01-04,CN,Shanghai,pm25,885,10.0,109.7,70.9
2020-01-07,CN,Shanghai,pm25,870,4.0,134.9,23.0
2020-03-07,CN,Shanghai,pm25,864,9.1,127.1,59.3
2020-04-20,CN,Shanghai,pm25,859,20.1,107.7,50.1
2020-05-19,CN,Shanghai,pm25,211,9.1,990.964959276018,25.8
2020-06-06,CN,Shanghai,pm25,211,1.2,24.9,10.0
2020-01-30,CN,Shanghai,pm25,872,31.1,245.3,69.0
2020-03-08,CN,Shanghai,pm25,857,1.2,44.8,16.8
2020-03-09,CN,Shanghai,pm25,839,1.2,31.1,11.0
2020-03-28,CN,Shanghai,pm25,865,1.2,32.0,8.1
2020-06-12,CN,Shanghai,pm25,215,8.1,86.4,50.1
2020-02-05,CN,Shanghai,pm25,875,11.0,245.3,24.9
2020-03-23,CN,Shanghai,pm25,833,1.2,36.7,12.0
2020-06-11,CN,Shanghai,pm25,212,4.0,86.4,57.4
2020-07-08,CN,Shanghai,pm25,109,6.0,70.9,23.0
2020-01-21,CN,Shanghai,pm25,881,48.0,245.3,90.3
2020-01-28,CN,Shanghai,pm25,886,2.1,115.5,78.7
2020-02-21,CN,Shanghai,pm25,856,6.0,69.0,20.1
2020-04-15,CN,Shanghai,pm25,853,15.9,123.2,52.9
2020-04-28,CN,Shanghai,pm25,859,2.1,44.0,20.1
2020-05-28,CN,Shanghai,pm25,212,20.1,121.3,54.9
2020-01-20,CN,Shanghai,pm25,871,50.9,245.3,107.7
2020-02-11,CN,Shanghai,pm25,849,1.2,50.9,23.9
2020-05-23,CN,Shanghai,pm25,193,10.0,37.9,21.1
2020-01-12,CN,Shanghai,pm25,881,33.9,191.8,105.8
2020-01-13,CN,Shanghai,pm25,884,54.9,312.0,115.5
2020-01-15,CN,Shanghai,pm25,863,9.1,245.3,40.7
2020-05-22,CN,Shanghai,pm25,211,2.1,54.1,18.7
2020-05-31,CN,Shanghai,pm25,180,22.0,117.4,50.1
2020-06-26,CN,Shanghai,pm25,855,12.0,70.9,30.1
2020-04-08,CN,Wuhan,pm25,379,9.1,69.0,34.9
2020-02-26,CN,Wuhan,pm25,378,9.1,98.1,48.0
2020-02-09,CN,Wuhan,pm25,384,13.0,109.7,30.1
2020-03-12,CN,Wuhan,pm25,386,23.9,70.9,44.0
2020-03-30,CN,Wuhan,pm25,384,2.1,46.0,14.0
2020-04-03,CN,Wuhan,pm25,385,17.8,146.5,44.0
2020-04-15,CN,Wuhan,pm25,382,5.0,48.0,23.9
2020-01-19,CN,Wuhan,pm25,387,44.0,157.5,94.2
2020-01-23,CN,Wuhan,pm25,338,46.0,125.2,80.6
2020-01-30,CN,Wuhan,pm25,387,29.2,74.8,52.1
2020-03-06,CN,Wuhan,pm25,386,18.7,61.3,39.9
2020-03-08,CN,Wuhan,pm25,382,4.0,55.5,23.9
2020-04-18,CN,Wuhan,pm25,369,14.0,54.1,34.9
2020-05-03,CN,Wuhan,pm25,382,14.0,72.9,34.9
2020-06-18,CN,Wuhan,pm25,354,1.2,46.0,7.2
2020-01-10,CN,Wuhan,pm25,384,2.1,57.4,26.8
2020-02-27,CN,Wuhan,pm25,383,5.0,69.0,30.1
2020-06-01,CN,Wuhan,pm25,371,12.0,76.8,33.0
2020-06-24,CN,Wuhan,pm25,382,5.0,67.1,23.0
2020-01-05,CN,Wuhan,pm25,387,16.8,131.0,61.3
2020-04-02,CN,Wuhan,pm25,385,12.0,159.5,31.1
2020-04-07,CN,Wuhan,pm25,384,14.9,67.1,36.7
2020-05-15,CN,Wuhan,pm25,385,9.1,119.4,52.1
2020-07-02,CN,Wuhan,pm25,369,1.2,113.6,30.1
2020-03-26,CN,Wuhan,pm25,382,2.1,46.0,26.8
2020-01-31,CN,Wuhan,pm25,387,36.7,131.0,61.3
2020-02-23,CN,Wuhan,pm25,384,13.0,222.1,33.0
2020-04-19,CN,Wuhan,pm25,360,2.1,44.8,21.1
2020-04-20,CN,Wuhan,pm25,358,15.9,70.9,36.7
2020-05-19,CN,Wuhan,pm25,375,5.0,61.3,26.8
2020-01-11,CN,Wuhan,pm25,387,14.9,69.0,36.7
2020-02-15,CN,Wuhan,pm25,381,1.2,78.7,13.0
2020-02-29,CN,Wuhan,pm25,381,2.1,61.3,13.0
2020-03-01,CN,Wuhan,pm25,381,8.1,54.1,25.8
2020-04-23,CN,Wuhan,pm25,365,14.0,90.3,40.7
2020-04-30,CN,Wuhan,pm25,384,12.0,134.9,44.8
2020-06-09,CN,Wuhan,pm25,384,2.1,46.0,21.1
2020-06-19,CN,Wuhan,pm25,371,2.1,69.0,18.7
2020-01-02,CN,Wuhan,pm25,384,39.9,107.7,69.0
2020-04-12,CN,Wuhan,pm25,370,9.1,76.8,31.1
2020-04-28,CN,Wuhan,pm25,383,5.0,46.0,26.8
2020-05-05,CN,Wuhan,pm25,381,2.1,63.2,25.8
2020-07-08,CN,Wuhan,pm25,60,2.1,26.8,11.0
2020-03-09,CN,Wuhan,pm25,387,14.0,86.4,40.7
2020-03-10,CN,Wuhan,pm25,384,2.1,59.3,31.1
2020-04-06,CN,Wuhan,pm25,386,13.0,61.3,29.2
2020-05-06,CN,Wuhan,pm25,385,8.1,59.3,31.1
2020-06-02,CN,Wuhan,pm25,382,6.0,48.9,30.1
2020-07-03,CN,Wuhan,pm25,367,2.1,41.9,14.0
2020-03-02,CN,Wuhan,pm25,373,12.0,46.0,24.9
2020-03-16,CN,Wuhan,pm25,387,7.2,67.1,41.9
2020-05-27,CN,Wuhan,pm25,384,7.2,55.5,31.1
2020-06-05,CN,Wuhan,pm25,364,2.1,46.0,20.1
2020-02-24,CN,Wuhan,pm25,380,21.1,61.3,37.9
2020-01-12,CN,Wuhan,pm25,380,10.0,127.1,54.1
2020-02-02,CN,Wuhan,pm25,385,39.9,98.1,61.3
2020-05-10,CN,Wuhan,pm25,376,1.2,34.9,15.9
2020-05-21,CN,Wuhan,pm25,386,6.0,72.9,28.2
2020-06-06,CN,Wuhan,pm25,387,3.1,46.0,17.8
2020-06-22,CN,Wuhan,pm25,383,2.1,46.0,12.0
2020-01-08,CN,Wuhan,pm25,386,14.0,72.9,37.9
2020-01-14,CN,Wuhan,pm25,386,46.0,148.4,101.9
2020-01-20,CN,Wuhan,pm25,268,44.8,150.4,88.4
2020-01-26,CN,Wuhan,pm25,387,6.0,59.3,28.2
2020-03-17,CN,Wuhan,pm25,386,9.1,67.1,46.0
2020-03-29,CN,Wuhan,pm25,362,2.1,30.1,10.0
2020-04-01,CN,Wuhan,pm25,384,4.0,59.3,23.9
2020-06-03,CN,Wuhan,pm25,368,2.1,54.9,20.1
2020-01-03,CN,Wuhan,pm25,367,46.0,136.8,96.1
2020-06-29,CN,Wuhan,pm25,373,1.2,46.0,10.0
2020-06-28,CN,Wuhan,pm25,384,2.1,34.9,17.8
2020-04-10,CN,Wuhan,pm25,372,11.0,115.5,41.9
2020-04-25,CN,Wuhan,pm25,366,8.1,46.0,23.9
2020-04-27,CN,Wuhan,pm25,382,6.0,52.1,30.1
2020-06-10,CN,Wuhan,pm25,381,1.2,69.0,21.1
2020-06-30,CN,Wuhan,pm25,384,2.1,50.9,15.9
2020-04-09,CN,Wuhan,pm25,385,11.0,92.2,34.9
2020-04-21,CN,Wuhan,pm25,354,7.2,54.9,28.2
2020-05-24,CN,Wuhan,pm25,383,23.0,72.9,42.8
2020-02-03,CN,Wuhan,pm25,385,33.0,129.0,59.3
2020-02-22,CN,Wuhan,pm25,383,18.7,84.5,40.7
2020-03-11,CN,Wuhan,pm25,386,16.8,82.6,34.9
2020-04-13,CN,Wuhan,pm25,360,3.1,52.9,28.2
2020-02-13,CN,Wuhan,pm25,380,7.2,69.0,21.1
2020-02-28,CN,Wuhan,pm25,373,2.1,48.0,10.0
2020-03-03,CN,Wuhan,pm25,103,12.0,46.0,23.9
2020-01-24,CN,Wuhan,pm25,384,8.1,76.8,30.1
2020-02-21,CN,Wuhan,pm25,382,14.0,88.4,39.9
2020-03-04,CN,Wuhan,pm25,382,12.0,59.3,28.2
2020-04-11,CN,Wuhan,pm25,384,1.2,46.0,18.7
2020-04-16,CN,Wuhan,pm25,372,13.0,59.3,38.7
2020-05-04,CN,Wuhan,pm25,386,12.0,69.0,38.7
2020-05-18,CN,Wuhan,pm25,381,3.1,78.7,29.2
2020-01-29,CN,Wuhan,pm25,385,28.2,78.7,50.9
2020-07-05,CN,Wuhan,pm25,376,1.2,31.1,10.0
2020-04-04,CN,Wuhan,pm25,386,20.1,111.6,42.8
2020-01-22,CN,Wuhan,pm25,386,44.0,127.1,80.6
2020-02-06,CN,Wuhan,pm25,383,2.1,148.4,26.8
2020-03-21,CN,Wuhan,pm25,387,20.1,74.8,39.9
2020-05-31,CN,Wuhan,pm25,378,4.0,111.6,26.8
2019-12-30,CN,Wuhan,pm25,368,30.1,192.8,63.2
2020-05-25,CN,Wuhan,pm25,385,14.0,74.8,33.0
2020-06-14,CN,Wuhan,pm25,357,2.1,192.8,14.0
2020-06-26,CN,Wuhan,pm25,377,2.1,46.0,20.1
2020-01-25,CN,Wuhan,pm25,387,7.2,129.0,37.9
2020-01-01,CN,Wuhan,pm25,363,21.1,74.8,40.7
2020-01-06,CN,Wuhan,pm25,384,2.1,67.1,14.0
2020-02-08,CN,Wuhan,pm25,382,9.1,37.9,22.0
2020-05-12,CN,Wuhan,pm25,382,6.0,196.9,29.2
2020-05-22,CN,Wuhan,pm25,371,8.1,54.9,30.1
2020-06-04,CN,Wuhan,pm25,373,8.1,72.9,23.0
2020-06-17,CN,Wuhan,pm25,363,1.2,46.0,13.0
2019-12-31,CN,Wuhan,pm25,382,15.9,200.9,63.2
2020-07-04,CN,Wuhan,pm25,377,2.1,44.8,12.0
2020-01-13,CN,Wuhan,pm25,387,16.8,100.0,41.9
2020-03-05,CN,Wuhan,pm25,387,23.0,74.8,48.0
2020-03-20,CN,Wuhan,pm25,384,12.0,48.9,31.1
2020-03-25,CN,Wuhan,pm25,371,3.1,61.3,33.0
2020-06-07,CN,Wuhan,pm25,383,4.0,33.9,21.1
2020-06-23,CN,Wuhan,pm25,386,1.2,46.0,13.0
2020-01-04,CN,Wuhan,pm25,339,46.0,168.6,107.7
2020-04-24,CN,Wuhan,pm25,360,5.0,52.9,25.8
2020-04-26,CN,Wuhan,pm25,380,2.1,48.9,26.8
2020-01-09,CN,Wuhan,pm25,385,2.1,46.0,15.9
2020-03-14,CN,Wuhan,pm25,382,17.8,94.2,46.8
2020-03-19,CN,Wuhan,pm25,387,14.0,50.1,32.0
2020-05-11,CN,Wuhan,pm25,386,5.0,46.8,24.9
2020-05-28,CN,Wuhan,pm25,387,22.0,67.1,39.9
2020-06-08,CN,Wuhan,pm25,384,3.1,46.0,21.1
2020-06-25,CN,Wuhan,pm25,386,7.2,78.7,33.9
2020-07-07,CN,Wuhan,pm25,379,2.1,23.9,8.1
2020-01-16,CN,Wuhan,pm25,383,25.8,98.1,57.4
2020-01-28,CN,Wuhan,pm25,387,32.0,78.7,55.5
2020-02-16,CN,Wuhan,pm25,381,1.2,26.8,12.0
2020-02-17,CN,Wuhan,pm25,381,1.2,32.0,14.0
2020-04-29,CN,Wuhan,pm25,386,10.0,88.4,36.7
2020-06-15,CN,Wuhan,pm25,374,2.1,48.0,22.0
2020-06-16,CN,Wuhan,pm25,372,1.2,46.0,14.9
2020-07-06,CN,Wuhan,pm25,348,2.1,23.9,7.2
2020-01-15,CN,Wuhan,pm25,384,38.7,119.4,90.3
2020-04-17,CN,Wuhan,pm25,358,13.0,67.1,33.9
2020-05-02,CN,Wuhan,pm25,382,14.0,347.3,39.9
2020-05-29,CN,Wuhan,pm25,385,12.0,88.4,41.9
2020-03-13,CN,Wuhan,pm25,385,28.2,96.1,52.1
2020-03-28,CN,Wuhan,pm25,373,1.2,33.9,10.0
2020-05-01,CN,Wuhan,pm25,383,17.8,74.8,46.8
2020-05-07,CN,Wuhan,pm25,385,10.0,63.2,31.1
2020-05-08,CN,Wuhan,pm25,359,1.2,59.3,14.9
2020-05-09,CN,Wuhan,pm25,384,4.0,52.9,15.9
2020-05-20,CN,Wuhan,pm25,385,2.1,70.9,37.9
2020-05-23,CN,Wuhan,pm25,371,21.1,63.2,36.7
2020-01-07,CN,Wuhan,pm25,377,1.2,48.0,14.0
2020-06-11,CN,Wuhan,pm25,386,4.0,46.0,23.0
2020-05-26,CN,Wuhan,pm25,385,10.0,59.3,29.2
2020-02-05,CN,Wuhan,pm25,384,34.9,181.7,78.7
2020-02-12,CN,Wuhan,pm25,383,10.0,48.0,24.9
2020-02-25,CN,Wuhan,pm25,366,31.1,105.8,67.1
2020-03-24,CN,Wuhan,pm25,387,18.7,69.0,36.7
2020-05-13,CN,Wuhan,pm25,370,11.0,82.6,42.8
2020-05-16,CN,Wuhan,pm25,384,2.1,61.3,25.8
2020-05-30,CN,Wuhan,pm25,376,6.0,50.9,25.8
2020-01-21,CN,Wuhan,pm25,353,46.0,148.4,84.5
2020-07-01,CN,Wuhan,pm25,380,2.1,52.9,29.2
2020-02-07,CN,Wuhan,pm25,382,2.1,35.9,16.8
2020-02-10,CN,Wuhan,pm25,384,16.8,74.8,37.9
2020-02-19,CN,Wuhan,pm25,383,9.1,40.7,26.8
2020-03-22,CN,Wuhan,pm25,386,24.9,96.1,52.1
2020-04-14,CN,Wuhan,pm25,366,6.0,57.4,24.9
2020-06-27,CN,Wuhan,pm25,373,2.1,46.0,12.0
2020-01-17,CN,Wuhan,pm25,378,13.0,80.6,40.7
2020-03-07,CN,Wuhan,pm25,384,12.0,59.3,33.0
2020-03-15,CN,Wuhan,pm25,368,15.9,52.9,29.2
2020-03-23,CN,Wuhan,pm25,387,23.9,72.9,42.8
2020-05-14,CN,Wuhan,pm25,382,13.0,82.6,52.1
2020-06-20,CN,Wuhan,pm25,386,2.1,67.1,14.9
2020-02-18,CN,Wuhan,pm25,379,2.1,46.8,18.7
2020-02-01,CN,Wuhan,pm25,387,39.9,100.0,61.3
2020-02-14,CN,Wuhan,pm25,372,8.1,59.3,20.1
2020-03-18,CN,Wuhan,pm25,387,11.0,96.1,48.0
2020-03-27,CN,Wuhan,pm25,376,1.2,46.0,9.1
2020-03-31,CN,Wuhan,pm25,383,7.2,48.0,22.0
2020-01-27,CN,Wuhan,pm25,386,14.9,74.8,44.8
2020-02-04,CN,Wuhan,pm25,384,33.0,109.7,59.3
2020-02-11,CN,Wuhan,pm25,383,6.0,70.9,25.8
2020-02-20,CN,Wuhan,pm25,384,9.1,101.9,35.9
2020-04-05,CN,Wuhan,pm25,382,23.9,88.4,46.8
2020-04-22,CN,Wuhan,pm25,366,12.0,69.0,33.9
2020-05-17,CN,Wuhan,pm25,381,14.0,48.9,31.1
2020-06-12,CN,Wuhan,pm25,382,1.2,46.0,16.8
2020-01-18,CN,Wuhan,pm25,355,17.8,92.2,50.1
2020-06-21,CN,Wuhan,pm25,377,1.2,46.8,11.0
2020-06-13,CN,Wuhan,pm25,381,1.2,46.0,11.0
2020-01-11,IN,New Delhi,pm25,24,67.1,275.7,165.6
2020-01-14,IN,New Delhi,pm25,24,72.9,207.0,109.7
2020-02-04,IN,New Delhi,pm25,24,63.2,264.6,188.8
2020-03-10,IN,New Delhi,pm25,24,37.9,181.7,63.2
2020-05-19,IN,New Delhi,pm25,24,21.1,204.9,63.2
2020-06-19,IN,New Delhi,pm25,24,29.2,98.1,57.4
2020-01-06,IN,New Delhi,pm25,24,88.4,213.0,156.5
2020-03-15,IN,New Delhi,pm25,24,26.8,136.8,54.9
2020-04-01,IN,New Delhi,pm25,24,14.0,88.4,25.8
2020-04-10,IN,New Delhi,pm25,24,16.8,160.5,41.9
2020-05-02,IN,New Delhi,pm25,24,29.2,44.8,34.9
2020-01-03,IN,New Delhi,pm25,24,36.7,448.9,200.9
2020-01-07,IN,New Delhi,pm25,24,88.4,186.8,117.4
2020-01-23,IN,New Delhi,pm25,24,26.8,94.2,78.7
2020-06-04,IN,New Delhi,pm25,24,17.8,175.7,48.0
2020-03-09,IN,New Delhi,pm25,24,23.0,107.7,50.9
2020-04-07,IN,New Delhi,pm25,24,14.0,107.7,25.8
2020-06-13,IN,New Delhi,pm25,24,9.1,59.3,50.1
2020-04-27,IN,New Delhi,pm25,24,15.9,37.9,25.8
2020-05-29,IN,New Delhi,pm25,24,11.0,35.9,25.8
2020-06-02,IN,New Delhi,pm25,24,14.9,74.8,30.1
2020-07-05,IN,New Delhi,pm25,24,5.0,63.2,22.0
2020-06-10,IN,New Delhi,pm25,24,34.9,74.8,50.1
2020-06-14,IN,New Delhi,pm25,24,40.7,121.3,54.9
2020-01-04,IN,New Delhi,pm25,24,109.7,303.9,212.0
2020-01-21,IN,New Delhi,pm25,24,121.3,253.5,210.0
2020-03-20,IN,New Delhi,pm25,24,48.9,186.8,72.9
2020-05-13,IN,New Delhi,pm25,24,41.9,113.6,61.3
2020-05-18,IN,New Delhi,pm25,24,26.8,196.9,92.2
2020-06-09,IN,New Delhi,pm25,24,33.9,86.4,61.3
2020-07-03,IN,New Delhi,pm25,24,34.9,78.7,67.1
2020-07-01,IN,New Delhi,pm25,24,32.0,72.9,46.8
2020-02-01,IN,New Delhi,pm25,24,59.3,225.1,96.1
2020-02-07,IN,New Delhi,pm25,24,67.1,208.0,144.5
2020-03-29,IN,New Delhi,pm25,23,10.0,48.0,23.0
2020-05-03,IN,New Delhi,pm25,24,10.0,44.0,33.0
2020-05-22,IN,New Delhi,pm25,24,31.1,136.8,69.0
2020-06-11,IN,New Delhi,pm25,24,34.9,76.8,40.7
2020-04-17,IN,New Delhi,pm25,24,13.0,35.9,24.9
2020-05-24,IN,New Delhi,pm25,24,17.8,82.6,48.0
2020-01-28,IN,New Delhi,pm25,24,70.9,152.5,117.4
2020-02-05,IN,New Delhi,pm25,24,52.9,296.9,136.8
2020-02-16,IN,New Delhi,pm25,24,55.5,197.9,109.7
2020-03-05,IN,New Delhi,pm25,24,13.0,48.9,26.8
2020-03-22,IN,New Delhi,pm25,24,33.9,125.2,55.5
2020-03-28,IN,New Delhi,pm25,24,9.1,44.0,14.0
2020-06-17,IN,New Delhi,pm25,24,15.9,46.8,30.1
2020-06-18,IN,New Delhi,pm25,24,21.1,48.0,34.9
2020-01-08,IN,New Delhi,pm25,24,88.4,172.7,115.5
2020-02-03,IN,New Delhi,pm25,24,50.9,186.8,152.5
2020-03-24,IN,New Delhi,pm25,24,12.0,74.8,52.1
2020-03-26,IN,New Delhi,pm25,24,14.0,134.9,33.0
2020-04-19,IN,New Delhi,pm25,24,9.1,182.7,18.7
2020-06-23,IN,New Delhi,pm25,24,13.0,54.9,22.0
2020-01-31,IN,New Delhi,pm25,24,46.8,155.5,98.1
2020-04-23,IN,New Delhi,pm25,24,6.0,96.1,48.0
2020-02-19,IN,New Delhi,pm25,24,55.5,239.3,111.6
2020-04-05,IN,New Delhi,pm25,24,20.1,78.7,44.8
2020-06-22,IN,New Delhi,pm25,24,21.1,59.3,32.0
2020-01-09,IN,New Delhi,pm25,24,59.3,150.5,92.2
2020-03-27,IN,New Delhi,pm25,24,7.2,129.0,16.8
2020-04-11,IN,New Delhi,pm25,24,25.8,70.9,34.9
2020-05-16,IN,New Delhi,pm25,24,25.8,171.6,61.3
2020-05-17,IN,New Delhi,pm25,24,33.9,207.0,69.0
2020-06-01,IN,New Delhi,pm25,24,18.7,59.3,37.9
2020-05-28,IN,New Delhi,pm25,24,21.1,46.8,36.7
2020-05-30,IN,New Delhi,pm25,24,14.9,35.9,24.9
2020-01-27,IN,New Delhi,pm25,24,46.8,267.6,218.1
2020-02-24,IN,New Delhi,pm25,24,41.9,103.9,59.3
2020-02-28,IN,New Delhi,pm25,24,65.1,131.0,82.6
2020-03-01,IN,New Delhi,pm25,24,12.0,69.0,33.0
2020-03-12,IN,New Delhi,pm25,24,22.0,109.7,48.0
2020-05-20,IN,New Delhi,pm25,24,20.1,161.6,50.9
2020-05-23,IN,New Delhi,pm25,24,23.0,92.2,57.4
2020-06-07,IN,New Delhi,pm25,24,10.0,70.9,39.9
2020-01-13,IN,New Delhi,pm25,24,127.1,328.2,193.8
2020-02-22,IN,New Delhi,pm25,24,44.0,121.3,55.5
2020-03-30,IN,New Delhi,pm25,24,12.0,161.6,25.8
2020-04-14,IN,New Delhi,pm25,24,26.8,74.8,41.9
2020-04-25,IN,New Delhi,pm25,24,6.0,55.5,18.7
2020-05-11,IN,New Delhi,pm25,24,22.0,88.4,44.8
2020-06-08,IN,New Delhi,pm25,24,21.1,69.0,32.0
2020-01-29,IN,New Delhi,pm25,24,36.7,131.0,67.1
2020-02-13,IN,New Delhi,pm25,24,52.1,186.8,92.2
2020-04-29,IN,New Delhi,pm25,24,33.9,74.8,52.9
2020-05-21,IN,New Delhi,pm25,24,18.7,72.9,48.9
2020-02-29,IN,New Delhi,pm25,24,24.9,76.8,61.3
2020-03-18,IN,New Delhi,pm25,24,30.1,125.2,59.3
2020-04-15,IN,New Delhi,pm25,24,22.0,92.2,50.1
2020-05-27,IN,New Delhi,pm25,24,24.9,63.2,42.8
2020-06-15,IN,New Delhi,pm25,24,34.9,80.6,41.9
2020-01-30,IN,New Delhi,pm25,24,26.8,161.6,94.2
2020-02-18,IN,New Delhi,pm25,24,50.9,216.0,119.4
2020-04-02,IN,New Delhi,pm25,24,12.0,40.7,25.8
2020-04-26,IN,New Delhi,pm25,24,10.0,80.6,23.9
2020-06-27,IN,New Delhi,pm25,24,23.9,57.4,32.0
2020-02-09,IN,New Delhi,pm25,24,69.0,254.5,173.7
2020-02-10,IN,New Delhi,pm25,24,74.8,334.2,170.6
2020-02-14,IN,New Delhi,pm25,24,33.9,125.2,69.0
2020-05-25,IN,New Delhi,pm25,24,23.0,167.6,44.0
2020-06-03,IN,New Delhi,pm25,24,26.8,61.3,48.0
2020-06-29,IN,New Delhi,pm25,24,13.0,69.0,33.0
2020-01-26,IN,New Delhi,pm25,24,65.1,329.2,199.9
2020-03-03,IN,New Delhi,pm25,7,41.9,109.7,59.3
2020-05-12,IN,New Delhi,pm25,24,23.9,65.1,40.7
2020-06-16,IN,New Delhi,pm25,24,16.8,63.2,35.9
2020-06-20,IN,New Delhi,pm25,24,14.9,52.9,33.0
2020-01-05,IN,New Delhi,pm25,24,67.1,217.1,176.7
2020-01-24,IN,New Delhi,pm25,24,37.9,159.5,70.9
2020-02-17,IN,New Delhi,pm25,24,33.0,329.2,109.7
2020-02-25,IN,New Delhi,pm25,24,46.0,318.1,117.4
2020-06-28,IN,New Delhi,pm25,24,24.9,84.5,55.5
2020-06-21,IN,New Delhi,pm25,24,23.0,50.1,38.7
2020-07-06,IN,New Delhi,pm25,24,23.0,57.4,40.7
2019-12-30,IN,New Delhi,pm25,24,209.0,542.7539909502262,355.0
2020-03-16,IN,New Delhi,pm25,24,32.0,125.2,55.5
2020-03-31,IN,New Delhi,pm25,24,11.0,72.9,24.9
2020-04-21,IN,New Delhi,pm25,24,14.9,52.9,33.0
2020-04-30,IN,New Delhi,pm25,24,35.9,69.0,48.9
2020-05-01,IN,New Delhi,pm25,24,37.9,74.8,55.5
2020-06-06,IN,New Delhi,pm25,24,20.1,42.8,28.2
2020-01-15,IN,New Delhi,pm25,24,59.3,177.7,107.7
2020-02-26,IN,New Delhi,pm25,24,52.9,231.2,117.4
2020-03-06,IN,New Delhi,pm25,24,10.0,32.0,18.7
2020-03-23,IN,New Delhi,pm25,24,22.0,132.9,41.9
2020-04-12,IN,New Delhi,pm25,24,15.9,127.1,33.9
2020-05-05,IN,New Delhi,pm25,24,25.8,69.0,37.9
2020-04-18,IN,New Delhi,pm25,24,17.8,46.8,25.8
2020-04-24,IN,New Delhi,pm25,24,29.2,92.2,48.9
2020-01-12,IN,New Delhi,pm25,24,69.0,313.0,217.1
2020-01-18,IN,New Delhi,pm25,24,78.7,206.0,123.2
2020-01-19,IN,New Delhi,pm25,24,88.4,183.8,140.7
2020-01-20,IN,New Delhi,pm25,24,111.6,244.3,136.8
2020-03-07,IN,New Delhi,pm25,24,13.0,101.9,36.7
2020-03-13,IN,New Delhi,pm25,24,23.9,111.6,59.3
2020-05-26,IN,New Delhi,pm25,24,16.8,123.2,50.1
2020-05-31,IN,New Delhi,pm25,24,4.0,42.8,20.1
2020-06-25,IN,New Delhi,pm25,24,22.0,44.0,31.1
2020-02-20,IN,New Delhi,pm25,24,54.1,150.4,109.7
2020-02-23,IN,New Delhi,pm25,24,36.7,162.6,76.8
2020-03-02,IN,New Delhi,pm25,24,59.3,125.2,80.6
2020-04-03,IN,New Delhi,pm25,24,13.0,148.4,20.1
2020-01-10,IN,New Delhi,pm25,24,84.5,233.2,138.7
2020-01-25,IN,New Delhi,pm25,24,54.1,229.2,111.6
2020-02-06,IN,New Delhi,pm25,24,48.9,218.1,127.1
2020-02-15,IN,New Delhi,pm25,24,41.9,132.9,80.6
2020-03-08,IN,New Delhi,pm25,24,20.1,92.2,70.9
2020-05-10,IN,New Delhi,pm25,24,8.1,86.4,54.9
2019-12-31,IN,New Delhi,pm25,24,158.5,420.1,211.0
2020-02-21,IN,New Delhi,pm25,24,12.0,140.7,36.7
2020-03-25,IN,New Delhi,pm25,24,13.0,52.1,26.8
2020-05-14,IN,New Delhi,pm25,24,34.9,70.9,41.9
2020-06-26,IN,New Delhi,pm25,24,23.9,59.3,33.9
2020-07-02,IN,New Delhi,pm25,24,38.7,78.7,54.1
2020-02-11,IN,New Delhi,pm25,24,63.2,294.9,174.7
2020-02-12,IN,New Delhi,pm25,24,74.8,343.3,167.6
2020-05-06,IN,New Delhi,pm25,24,31.1,78.7,52.9
2020-01-02,IN,New Delhi,pm25,24,69.0,682.0628054298643,262.6
2020-03-17,IN,New Delhi,pm25,24,31.1,164.6,57.4
2020-04-09,IN,New Delhi,pm25,24,14.9,119.4,26.8
2020-05-07,IN,New Delhi,pm25,24,7.2,86.4,22.0
2020-06-24,IN,New Delhi,pm25,24,13.0,42.8,28.2
2020-01-22,IN,New Delhi,pm25,24,146.5,392.8,187.8
2020-02-27,IN,New Delhi,pm25,24,70.9,156.5,96.1
2020-03-11,IN,New Delhi,pm25,24,36.7,82.6,54.9
2020-05-09,IN,New Delhi,pm25,24,38.7,70.9,55.5
2020-05-15,IN,New Delhi,pm25,24,25.8,123.2,42.8
2020-04-08,IN,New Delhi,pm25,24,16.8,69.0,31.1
2020-06-05,IN,New Delhi,pm25,24,16.8,50.9,32.0
2020-01-01,IN,New Delhi,pm25,24,107.7,679.0343529411765,333.2
2020-01-16,IN,New Delhi,pm25,24,115.5,230.2,154.5
2020-02-08,IN,New Delhi,pm25,24,65.1,258.5,166.6
2020-03-04,IN,New Delhi,pm25,24,20.1,125.2,72.9
2020-04-04,IN,New Delhi,pm25,24,11.0,111.6,33.9
2020-04-06,IN,New Delhi,pm25,24,16.8,90.3,35.9
2020-04-28,IN,New Delhi,pm25,24,23.0,65.1,36.7
2020-07-07,IN,New Delhi,pm25,23,4.0,38.7,14.0
2020-01-17,IN,New Delhi,pm25,24,67.1,179.7,109.7
2020-02-02,IN,New Delhi,pm25,24,61.3,177.7,138.7
2020-03-14,IN,New Delhi,pm25,24,23.9,63.2,35.9
2020-03-19,IN,New Delhi,pm25,24,35.9,233.2,72.9
2020-03-21,IN,New Delhi,pm25,24,33.0,100.0,65.1
2020-04-22,IN,New Delhi,pm25,24,12.0,146.5,41.9
2020-06-30,IN,New Delhi,pm25,24,22.0,55.5,37.9
2020-07-04,IN,New Delhi,pm25,24,16.8,57.4,41.9
2020-04-13,IN,New Delhi,pm25,24,18.7,194.9,44.0
2020-04-16,IN,New Delhi,pm25,24,14.0,125.2,54.9
2020-04-20,IN,New Delhi,pm25,24,6.0,98.1,20.1
2020-05-04,IN,New Delhi,pm25,24,12.0,48.0,23.9
2020-05-08,IN,New Delhi,pm25,24,23.0,76.8,44.0
2020-06-12,IN,New Delhi,pm25,24,44.0,76.8,59.3
